,2017-01-03,115.80000305175781,116.33000183105469,114.76000213623047,116.1500015258789,110.392333984375,28781900
0,2017-01-04,115.8499984741211,116.51000213623048,115.75,116.0199966430664,110.26879119873048,21118100
1,2017-01-05,115.91999816894531,116.86000061035156,115.80999755859376,116.61000061035156,110.82955169677734,22193600
2,2017-01-06,116.77999877929688,118.16000366210938,116.47000122070312,117.91000366210938,112.06510925292969,31751900
3,2017-01-09,117.9499969482422,119.43000030517578,117.94000244140624,118.98999786376952,113.09156036376952,33561900
4,2017-01-10,118.7699966430664,119.37999725341795,118.3000030517578,119.11000061035156,113.20561981201172,24462100
5,2017-01-11,118.73999786376952,119.93000030517578,118.5999984741211,119.75,113.81388092041016,27588600
6,2017-01-12,118.9000015258789,119.3000030517578,118.20999908447266,119.25,113.33866119384766,27086200
7,2017-01-13,119.11000061035156,119.62000274658205,118.80999755859376,119.04000091552734,113.13908386230469,26111900
8,2017-01-17,118.33999633789062,120.23999786376952,118.22000122070312,120.0,114.05149841308594,34439800
9,2017-01-18,120.0,120.5,119.70999908447266,119.98999786376952,114.04197692871094,23713000
10,2017-01-19,119.4000015258789,120.08999633789062,119.37000274658205,119.77999877929688,113.8424072265625,25597300
11,2017-01-20,120.4499969482422,120.4499969482422,119.7300033569336,120.0,114.05149841308594,32597900
12,2017-01-23,120.0,120.80999755859376,119.7699966430664,120.08000183105469,114.12753295898438,22050200
13,2017-01-24,119.5500030517578,120.0999984741211,119.5,119.97000122070312,114.02298736572266,23211000
14,2017-01-25,120.41999816894531,122.0999984741211,120.27999877929688,121.87999725341795,115.83829498291016,32377600
15,2017-01-26,121.66999816894531,122.44000244140624,121.5999984741211,121.94000244140624,115.89533996582031,26337600
16,2017-01-27,122.13999938964844,122.3499984741211,121.5999984741211,121.9499969482422,115.90483856201172,20562900
17,2017-01-30,120.93000030517578,121.62999725341795,120.66000366210938,121.62999725341795,115.60067749023438,30377500
18,2017-01-31,121.1500015258789,121.38999938964844,120.62000274658205,121.3499984741211,115.33456420898438,49201000
19,2017-02-01,127.02999877929688,130.49000549316406,127.01000213623048,128.75,122.36775207519531,111985000
20,2017-02-02,127.9800033569336,129.38999938964844,127.77999877929688,128.52999877929688,122.15866088867188,33710400
21,2017-02-03,128.30999755859378,129.19000244140622,128.16000366210938,129.08000183105472,122.68138885498048,24507300
22,2017-02-06,129.1300048828125,130.5,128.89999389648438,130.28999328613278,123.8314208984375,26845900
23,2017-02-07,130.53999328613278,132.08999633789062,130.44999694824222,131.52999877929688,125.00992584228516,38183800
24,2017-02-08,131.35000610351562,132.22000122070312,131.22000122070312,132.03999328613278,125.49463653564452,23004100
25,2017-02-09,131.64999389648438,132.44999694824222,131.1199951171875,132.41999816894528,126.40147399902344,28349900
26,2017-02-10,132.46000671386722,132.94000244140622,132.05000305175778,132.1199951171875,126.11511993408205,20065500
27,2017-02-13,133.08000183105472,133.82000732421878,132.75,133.28999328613278,127.23192596435548,23035400
28,2017-02-14,133.47000122070312,135.08999633789062,133.25,135.02000427246094,128.88333129882812,33226200
29,2017-02-15,135.52000427246094,136.27000427246094,134.6199951171875,135.50999450683594,129.35105895996094,35623100
30,2017-02-16,135.66999816894528,135.89999389648438,134.83999633789062,135.35000610351562,129.19831848144528,22584600
31,2017-02-17,135.10000610351562,135.83000183105472,135.10000610351562,135.72000122070312,129.55152893066406,22198200
32,2017-02-21,136.22999572753906,136.75,135.97999572753906,136.69999694824222,130.48696899414062,24507200
33,2017-02-22,136.42999267578122,137.1199951171875,136.11000061035156,137.11000061035156,130.87832641601562,20836900
34,2017-02-23,137.3800048828125,137.47999572753906,136.30000305175778,136.52999877929688,130.32467651367188,20788200
35,2017-02-24,135.91000366210938,136.66000366210938,135.27999877929688,136.66000366210938,130.44880676269528,21776600
36,2017-02-27,137.13999938964844,137.44000244140622,136.27999877929688,136.92999267578122,130.70648193359378,20257400
37,2017-02-28,137.08000183105472,137.44000244140622,136.69999694824222,136.99000549316406,130.76380920410156,23482900
38,2017-03-01,137.88999938964844,140.14999389648438,137.60000610351562,139.78999328613278,133.43650817871094,36414600
39,2017-03-02,140.0,140.27999877929688,138.75999450683594,138.96000671386722,132.64425659179688,26211000
40,2017-03-03,138.77999877929688,139.83000183105472,138.58999633789062,139.77999877929688,133.42695617675778,21108100
41,2017-03-06,139.3699951171875,139.77000427246094,138.60000610351562,139.33999633789062,133.0069580078125,21750000
42,2017-03-07,139.05999755859378,139.97999572753906,138.78999328613278,139.52000427246094,133.17880249023438,17446300
43,2017-03-08,138.94999694824222,139.80000305175778,138.82000732421878,139.0,132.68241882324222,18707200
44,2017-03-09,138.74000549316406,138.78999328613278,137.05000305175778,138.67999267578122,132.376953125,22155900
45,2017-03-10,139.25,139.36000061035156,138.63999938964844,139.13999938964844,132.81605529785156,19612800
46,2017-03-13,138.85000610351562,139.42999267578122,138.82000732421878,139.19999694824222,132.87330627441406,17421700
47,2017-03-14,139.30000305175778,139.64999389648438,138.83999633789062,138.99000549316406,132.67286682128906,15309100
48,2017-03-15,139.41000366210938,140.75,139.02999877929688,140.46000671386722,134.07608032226562,25691800
49,2017-03-16,140.72000122070312,141.02000427246094,140.25999450683594,140.69000244140622,134.29559326171878,19232000
50,2017-03-17,141.0,141.0,139.88999938964844,139.99000549316406,133.62745666503906,43885000
51,2017-03-20,140.39999389648438,141.5,140.22999572753906,141.4600067138672,135.03060913085938,21542000
52,2017-03-21,142.11000061035156,142.8000030517578,139.72999572753906,139.83999633789062,133.48423767089844,39529900
53,2017-03-22,139.85000610351562,141.60000610351562,139.75999450683594,141.4199981689453,134.992431640625,25860200
54,2017-03-23,141.25999450683594,141.5800018310547,140.61000061035156,140.9199981689453,134.51515197753906,20346300
55,2017-03-24,141.5,141.74000549316406,140.35000610351562,140.63999938964844,134.24786376953122,22395600
56,2017-03-27,139.38999938964844,141.22000122070312,138.6199951171875,140.8800048828125,134.47698974609378,23575100
57,2017-03-28,140.91000366210938,144.0399932861328,140.6199951171875,143.8000030517578,137.26426696777344,33374800
58,2017-03-29,143.67999267578125,144.49000549316406,143.19000244140625,144.1199951171875,137.56968688964844,29190000
59,2017-03-30,144.19000244140625,144.5,143.5,143.92999267578125,137.38833618164062,21207300
60,2017-03-31,143.72000122070312,144.27000427246094,143.00999450683594,143.66000366210938,137.13063049316406,19661700
61,2017-04-03,143.7100067138672,144.1199951171875,143.0500030517578,143.6999969482422,137.16883850097656,19985700
62,2017-04-04,143.25,144.88999938964844,143.1699981689453,144.77000427246094,138.190185546875,19891400
63,2017-04-05,144.22000122070312,145.4600067138672,143.80999755859375,144.02000427246094,137.47425842285156,27717900
64,2017-04-06,144.2899932861328,144.52000427246094,143.4499969482422,143.66000366210938,137.13063049316406,21149000
65,2017-04-07,143.72999572753906,144.17999267578125,143.27000427246094,143.33999633789062,136.82516479492188,16672200
66,2017-04-10,143.60000610351562,143.8800048828125,142.89999389648438,143.1699981689453,136.66287231445312,18933400
67,2017-04-11,142.94000244140625,143.35000610351562,140.05999755859378,141.6300048828125,135.19290161132812,30379400
68,2017-04-12,141.60000610351562,142.14999389648438,141.00999450683594,141.8000030517578,135.35513305664062,20350000
69,2017-04-13,141.91000366210938,142.3800048828125,141.0500030517578,141.0500030517578,134.63925170898438,17822900
70,2017-04-17,141.47999572753906,141.8800048828125,140.8699951171875,141.8300018310547,135.38380432128906,16582100
71,2017-04-18,141.41000366210938,142.0399932861328,141.11000061035156,141.1999969482422,134.78244018554688,14697500
72,2017-04-19,141.8800048828125,142.0,140.44999694824222,140.67999267578122,134.28604125976562,17328400
73,2017-04-20,141.22000122070312,142.9199981689453,141.16000366210938,142.44000244140625,135.966064453125,23319600
74,2017-04-21,142.44000244140625,142.67999267578125,141.85000610351562,142.27000427246094,135.80380249023438,17320900
75,2017-04-24,143.5,143.9499969482422,143.17999267578125,143.63999938964844,137.11154174804688,17134300
76,2017-04-25,143.91000366210938,144.89999389648438,143.8699951171875,144.52999877929688,137.96110534667972,18871500
77,2017-04-26,144.47000122070312,144.60000610351562,143.3800048828125,143.67999267578125,137.14970397949222,20041200
78,2017-04-27,143.9199981689453,144.16000366210938,143.30999755859375,143.7899932861328,137.25468444824222,14246300
79,2017-04-28,144.08999633789062,144.3000030517578,143.27000427246094,143.64999389648438,137.12106323242188,20860400
80,2017-05-01,145.10000610351562,147.1999969482422,144.9600067138672,146.5800018310547,139.91792297363278,33602900
81,2017-05-02,147.5399932861328,148.08999633789062,146.83999633789062,147.50999450683594,140.80563354492188,45352200
82,2017-05-03,145.58999633789062,147.49000549316406,144.27000427246094,147.05999755859375,140.37611389160156,45697000
83,2017-05-04,146.52000427246094,147.13999938964844,145.80999755859375,146.52999877929688,139.87017822265622,23371900
84,2017-05-05,146.75999450683594,148.97999572753906,146.75999450683594,148.9600067138672,142.18971252441406,27327700
85,2017-05-08,149.02999877929688,153.6999969482422,149.02999877929688,153.00999450683594,146.0556640625,48752400
86,2017-05-09,153.8699951171875,154.8800048828125,153.4499969482422,153.99000549316406,146.99110412597656,39130400
87,2017-05-10,153.6300048828125,153.94000244140625,152.11000061035156,153.25999450683594,146.29429626464844,25805700
88,2017-05-11,152.4499969482422,154.07000732421875,152.30999755859375,153.9499969482422,147.55947875976562,27255100
89,2017-05-12,154.6999969482422,156.4199981689453,154.6699981689453,156.10000610351562,149.62025451660156,32527000
90,2017-05-15,156.00999450683594,156.64999389648438,155.0500030517578,155.6999969482422,149.2368621826172,26009700
91,2017-05-16,155.94000244140625,156.05999755859375,154.72000122070312,155.47000122070312,149.01638793945312,20048500
92,2017-05-17,153.60000610351562,154.57000732421875,149.7100067138672,150.25,144.01309204101562,50767700
93,2017-05-18,151.27000427246094,153.33999633789062,151.1300048828125,152.5399932861328,146.2080078125,33568200
94,2017-05-19,153.3800048828125,153.97999572753906,152.6300048828125,153.05999755859375,146.70643615722656,26960800
95,2017-05-22,154.0,154.5800018310547,152.91000366210938,153.99000549316406,147.59783935546875,22966400
96,2017-05-23,154.89999389648438,154.89999389648438,153.30999755859375,153.8000030517578,147.4157257080078,19918900
97,2017-05-24,153.83999633789062,154.1699981689453,152.6699981689453,153.33999633789062,146.974853515625,19178000
98,2017-05-25,153.72999572753906,154.35000610351562,153.02999877929688,153.8699951171875,147.4827880859375,19235600
99,2017-05-26,154.0,154.24000549316406,153.30999755859375,153.61000061035156,147.23362731933594,21927600
100,2017-05-30,153.4199981689453,154.42999267578125,153.3300018310547,153.6699981689453,147.2911376953125,20126900
101,2017-05-31,153.97000122070312,154.1699981689453,152.3800048828125,152.75999450683594,146.41888427734375,24451200
102,2017-06-01,153.1699981689453,153.3300018310547,152.22000122070312,153.17999267578125,146.8214569091797,16404100
103,2017-06-02,153.5800018310547,155.4499969482422,152.88999938964844,155.4499969482422,148.99725341796875,27770700
104,2017-06-05,154.33999633789062,154.4499969482422,153.4600067138672,153.92999267578125,147.54031372070312,25331700
105,2017-06-06,153.89999389648438,155.80999755859375,153.77999877929688,154.4499969482422,148.0387420654297,26624900
106,2017-06-07,155.02000427246094,155.97999572753906,154.47999572753906,155.3699951171875,148.9205780029297,21069600
107,2017-06-08,155.25,155.5399932861328,154.39999389648438,154.99000549316406,148.5563201904297,21250800
108,2017-06-09,155.19000244140625,155.19000244140625,146.02000427246094,148.97999572753906,142.79576110839844,64882700
109,2017-06-12,145.74000549316406,146.08999633789062,142.50999450683594,145.4199981689453,139.38359069824222,72307300
110,2017-06-13,147.16000366210938,147.4499969482422,145.14999389648438,146.58999633789062,140.5050048828125,34165400
111,2017-06-14,147.5,147.5,143.83999633789062,145.16000366210938,139.1343994140625,31531200
112,2017-06-15,143.32000732421875,144.47999572753906,142.2100067138672,144.2899932861328,138.30046081542972,32165400
113,2017-06-16,143.77999877929688,144.5,142.1999969482422,142.27000427246094,136.36436462402344,50361100
114,2017-06-19,143.66000366210938,146.74000549316406,143.66000366210938,146.33999633789062,140.265380859375,32541400
115,2017-06-20,146.8699951171875,146.8699951171875,144.94000244140625,145.00999450683594,138.9906005859375,24900100
116,2017-06-21,145.52000427246094,146.07000732421875,144.61000061035156,145.8699951171875,139.81489562988278,21265800
117,2017-06-22,145.77000427246094,146.6999969482422,145.1199951171875,145.6300048828125,139.58489990234378,19106300
118,2017-06-23,145.1300048828125,147.16000366210938,145.11000061035156,146.27999877929688,140.2078857421875,35439400
119,2017-06-26,147.1699981689453,148.27999877929688,145.3800048828125,145.82000732421875,139.76699829101562,25692400
120,2017-06-27,145.00999450683594,146.16000366210938,143.6199951171875,143.72999572753906,137.76371765136722,24761900
121,2017-06-28,144.49000549316406,146.11000061035156,143.16000366210938,145.8300018310547,139.77656555175778,22082400
122,2017-06-29,144.7100067138672,145.1300048828125,142.27999877929688,143.67999267578125,137.7158203125,31499400
123,2017-06-30,144.4499969482422,144.9600067138672,143.77999877929688,144.02000427246094,138.04168701171878,23024100
124,2017-07-03,144.8800048828125,145.3000030517578,143.10000610351562,143.5,137.54325866699222,14277800
125,2017-07-05,143.69000244140625,144.7899932861328,142.72000122070312,144.08999633789062,138.10879516601562,21569600
126,2017-07-06,143.02000427246094,143.5,142.41000366210938,142.72999572753906,136.80523681640622,24128800
127,2017-07-07,142.89999389648438,144.75,142.89999389648438,144.17999267578125,138.19505310058594,19201700
128,2017-07-10,144.11000061035156,145.9499969482422,143.3699951171875,145.05999755859375,139.03849792480472,21090600
129,2017-07-11,144.72999572753906,145.85000610351562,144.3800048828125,145.52999877929688,139.489013671875,19781800
130,2017-07-12,145.8699951171875,146.17999267578125,144.82000732421875,145.74000549316406,139.6903076171875,24884500
131,2017-07-13,145.5,148.49000549316406,145.44000244140625,147.77000427246094,141.6360626220703,25199400
132,2017-07-14,147.97000122070312,149.3300018310547,147.3300018310547,149.0399932861328,142.8533172607422,20132100
133,2017-07-17,148.82000732421875,150.89999389648438,148.57000732421875,149.55999755859375,143.35171508789062,23793500
134,2017-07-18,149.1999969482422,150.1300048828125,148.6699981689453,150.0800018310547,143.8501434326172,17868800
135,2017-07-19,150.47999572753906,151.4199981689453,149.9499969482422,151.02000427246094,144.75112915039062,20923000
136,2017-07-20,151.5,151.74000549316406,150.19000244140625,150.33999633789062,144.09934997558594,17243700
137,2017-07-21,149.99000549316406,150.44000244140625,148.8800048828125,150.27000427246094,144.03225708007812,26252600
138,2017-07-24,150.5800018310547,152.44000244140625,149.89999389648438,152.08999633789062,145.77671813964844,21493200
139,2017-07-25,151.8000030517578,153.83999633789062,151.8000030517578,152.74000549316406,146.39971923828125,18853900
140,2017-07-26,153.35000610351562,153.92999267578125,153.05999755859375,153.4600067138672,147.08987426757812,15781000
141,2017-07-27,153.75,153.99000549316406,147.3000030517578,150.55999755859375,144.31024169921875,32476300
142,2017-07-28,149.88999938964844,150.22999572753906,149.19000244140625,149.5,143.2942352294922,17213700
143,2017-07-31,149.89999389648438,150.3300018310547,148.1300048828125,148.72999572753906,142.55616760253906,19845900
144,2017-08-01,149.10000610351562,150.22000122070312,148.41000366210938,150.0500030517578,143.82139587402344,35368600
145,2017-08-02,159.27999877929688,159.75,156.16000366210938,157.13999938964844,150.61708068847656,69936800
146,2017-08-03,157.0500030517578,157.2100067138672,155.02000427246094,155.57000732421875,149.11224365234375,27097300
147,2017-08-04,156.07000732421875,157.39999389648438,155.69000244140625,156.38999938964844,149.89820861816406,20559900
148,2017-08-07,157.05999755859375,158.9199981689453,156.6699981689453,158.80999755859375,152.2177734375,21870300
149,2017-08-08,158.60000610351562,161.8300018310547,158.27000427246094,160.0800018310547,153.43504333496094,36205900
150,2017-08-09,159.25999450683594,161.27000427246094,159.11000061035156,161.05999755859375,154.37435913085938,26131500
151,2017-08-10,159.89999389648438,160.0,154.6300048828125,155.32000732421875,149.45724487304688,40804300
152,2017-08-11,156.60000610351562,158.57000732421875,156.07000732421875,157.47999572753906,151.53573608398438,26257100
153,2017-08-14,159.32000732421875,160.2100067138672,158.75,159.85000610351562,153.81626892089844,22122700
154,2017-08-15,160.66000366210938,162.1999969482422,160.13999938964844,161.60000610351562,155.5001983642578,29465500
155,2017-08-16,161.94000244140625,162.50999450683594,160.14999389648438,160.9499969482422,154.874755859375,27671600
156,2017-08-17,160.52000427246094,160.7100067138672,157.83999633789062,157.86000061035156,151.9013671875,27940600
157,2017-08-18,157.86000061035156,159.5,156.72000122070312,157.5,151.55499267578125,27428100
158,2017-08-21,157.5,157.88999938964844,155.11000061035156,157.2100067138672,151.2759246826172,26368500
159,2017-08-22,158.22999572753906,160.0,158.02000427246094,159.77999877929688,153.74891662597656,21604600
160,2017-08-23,159.07000732421875,160.47000122070312,158.8800048828125,159.97999572753906,153.9413299560547,19399100
161,2017-08-24,160.42999267578125,160.74000549316406,158.5500030517578,159.27000427246094,153.25814819335938,19818900
162,2017-08-25,159.64999389648438,160.55999755859375,159.27000427246094,159.86000061035156,153.82589721679688,25480100
163,2017-08-28,160.13999938964844,162.0,159.92999267578125,161.47000122070312,155.37510681152344,25966000
164,2017-08-29,160.10000610351562,163.1199951171875,160.0,162.91000366210938,156.76077270507812,29516900
165,2017-08-30,163.8000030517578,163.88999938964844,162.61000061035156,163.35000610351562,157.1841583251953,27269600
166,2017-08-31,163.63999938964844,164.52000427246094,163.47999572753906,164.0,157.8096160888672,26785100
167,2017-09-01,164.8000030517578,164.94000244140625,163.6300048828125,164.0500030517578,157.8577423095703,16591100
168,2017-09-05,163.75,164.25,160.55999755859375,162.0800018310547,155.9620819091797,29468500
169,2017-09-06,162.7100067138672,162.99000549316406,160.52000427246094,161.91000366210938,155.79849243164062,21651700
170,2017-09-07,162.08999633789062,162.24000549316406,160.36000061035156,161.25999450683594,155.17303466796875,21928500
171,2017-09-08,160.86000061035156,161.14999389648438,158.52999877929688,158.6300048828125,152.64231872558594,28611500
172,2017-09-11,160.5,162.0500030517578,159.88999938964844,161.5,155.40399169921875,31580800
173,2017-09-12,162.61000061035156,163.9600067138672,158.77000427246094,160.86000061035156,154.7881622314453,71714000
174,2017-09-13,159.8699951171875,159.9600067138672,157.91000366210938,159.64999389648438,153.6238250732422,44907400
175,2017-09-14,158.99000549316406,159.39999389648438,158.08999633789062,158.27999877929688,152.30551147460938,23760700
176,2017-09-15,158.47000122070312,160.97000122070312,158.0,159.8800048828125,153.84512329101562,49114600
177,2017-09-18,160.11000061035156,160.5,158.0,158.6699981689453,152.68080139160156,28269400
178,2017-09-19,159.50999450683594,159.77000427246094,158.44000244140625,158.72999572753906,152.73854064941406,20810600
179,2017-09-20,157.89999389648438,158.25999450683594,153.8300018310547,156.07000732421875,150.178955078125,52951400
180,2017-09-21,155.8000030517578,155.8000030517578,152.75,153.38999938964844,147.60011291503906,37511700
181,2017-09-22,151.5399932861328,152.27000427246094,150.55999755859375,151.88999938964844,146.15672302246094,46645400
182,2017-09-25,149.99000549316406,151.8300018310547,149.16000366210938,150.5500030517578,144.8673095703125,44387300
183,2017-09-26,151.77999877929688,153.9199981689453,151.69000244140625,153.13999938964844,147.35952758789062,36660000
184,2017-09-27,153.8000030517578,154.72000122070312,153.5399932861328,154.22999572753906,148.40838623046875,25504200
185,2017-09-28,153.88999938964844,154.27999877929688,152.6999969482422,153.27999877929688,147.49427795410156,22005500
186,2017-09-29,153.2100067138672,154.1300048828125,152.0,154.1199951171875,148.30252075195312,26299800
187,2017-10-02,154.25999450683594,154.4499969482422,152.72000122070312,153.80999755859375,148.00425720214844,18698800
188,2017-10-03,154.00999450683594,155.08999633789062,153.91000366210938,154.47999572753906,148.64895629882812,16230300
189,2017-10-04,153.6300048828125,153.86000061035156,152.4600067138672,153.47999572753906,147.68670654296875,20163800
190,2017-10-05,154.17999267578125,155.44000244140625,154.0500030517578,155.38999938964844,149.52459716796875,21283800
191,2017-10-06,154.97000122070312,155.49000549316406,154.55999755859375,155.3000030517578,149.43798828125,17407600
192,2017-10-09,155.80999755859375,156.72999572753906,155.49000549316406,155.83999633789062,149.95761108398438,16262900
193,2017-10-10,156.05999755859375,158.0,155.10000610351562,155.89999389648438,150.0153350830078,15617000
194,2017-10-11,155.97000122070312,156.97999572753906,155.75,156.5500030517578,150.64083862304688,16905600
195,2017-10-12,156.35000610351562,157.3699951171875,155.72999572753906,156.0,150.11160278320312,16125100
196,2017-10-13,156.72999572753906,157.27999877929688,156.41000366210938,156.99000549316406,151.06423950195312,16394200
197,2017-10-16,157.89999389648438,160.0,157.64999389648438,159.8800048828125,153.84512329101562,24121500
198,2017-10-17,159.77999877929688,160.8699951171875,159.22999572753906,160.47000122070312,154.41285705566406,18997300
199,2017-10-18,160.4199981689453,160.7100067138672,159.60000610351562,159.75999450683594,153.72967529296875,16374200
200,2017-10-19,156.75,157.0800018310547,155.02000427246094,155.97999572753906,150.0923309326172,42584200
201,2017-10-20,156.61000061035156,157.75,155.9600067138672,156.25,150.35215759277344,23974100
202,2017-10-23,156.88999938964844,157.69000244140625,155.5,156.1699981689453,150.27517700195312,21984300
203,2017-10-24,156.2899932861328,157.4199981689453,156.1999969482422,157.10000610351562,151.17007446289062,17757200
204,2017-10-25,156.91000366210938,157.5500030517578,155.27000427246094,156.41000366210938,150.50611877441406,21207100
205,2017-10-26,157.22999572753906,157.8300018310547,156.77999877929688,157.41000366210938,151.4683380126953,17000500
206,2017-10-27,159.2899932861328,163.60000610351562,158.6999969482422,163.0500030517578,156.8954620361328,44454200
207,2017-10-30,163.88999938964844,168.07000732421875,163.72000122070312,166.72000122070312,160.4269561767578,44700800
208,2017-10-31,167.89999389648438,169.64999389648438,166.94000244140625,169.0399932861328,162.65936279296875,36046800
209,2017-11-01,169.8699951171875,169.94000244140625,165.61000061035156,166.88999938964844,160.5905303955078,33637800
210,2017-11-02,166.60000610351562,168.5,165.27999877929688,168.11000061035156,161.76449584960938,41393400
211,2017-11-03,174.0,174.25999450683594,171.1199951171875,172.5,165.98878479003906,59398600
212,2017-11-06,172.3699951171875,174.99000549316406,171.72000122070312,174.25,167.67271423339844,35026300
213,2017-11-07,173.91000366210938,175.25,173.60000610351562,174.80999755859375,168.21156311035156,24361500
214,2017-11-08,174.66000366210938,176.24000549316406,174.3300018310547,176.24000549316406,169.5876007080078,24409500
215,2017-11-09,175.11000061035156,176.10000610351562,173.13999938964844,175.8800048828125,169.24119567871094,29482600
216,2017-11-10,175.11000061035156,175.3800048828125,174.27000427246094,174.6699981689453,168.68106079101562,25145500
217,2017-11-13,173.5,174.5,173.39999389648438,173.97000122070312,168.00506591796875,16982100
218,2017-11-14,173.0399932861328,173.47999572753906,171.17999267578125,171.33999633789062,165.46524047851562,24782500
219,2017-11-15,169.97000122070312,170.32000732421875,168.3800048828125,169.0800018310547,163.28271484375,29158100
220,2017-11-16,171.17999267578125,171.8699951171875,170.3000030517578,171.10000610351562,165.23348999023438,23637500
221,2017-11-17,171.0399932861328,171.38999938964844,169.63999938964844,170.14999389648438,164.3160400390625,21899500
222,2017-11-20,170.2899932861328,170.55999755859375,169.55999755859375,169.97999572753906,164.1519012451172,16262400
223,2017-11-21,170.77999877929688,173.6999969482422,170.77999877929688,173.13999938964844,167.2035369873047,25131300
224,2017-11-22,173.36000061035156,175.0,173.0500030517578,174.9600067138672,168.96112060546875,25588900
225,2017-11-24,175.10000610351562,175.5,174.64999389648438,174.97000122070312,168.97079467773438,14026700
226,2017-11-27,175.0500030517578,175.0800018310547,173.33999633789062,174.08999633789062,168.12095642089844,20716800
227,2017-11-28,174.3000030517578,174.8699951171875,171.86000061035156,173.07000732421875,167.1359405517578,26428800
228,2017-11-29,172.6300048828125,172.9199981689453,167.16000366210938,169.47999572753906,163.6690673828125,41666400
229,2017-11-30,170.42999267578125,172.13999938964844,168.44000244140625,171.85000610351562,165.957763671875,41527200
230,2017-12-01,169.9499969482422,171.6699981689453,168.5,171.0500030517578,165.18519592285156,39759300
231,2017-12-04,172.47999572753906,172.6199951171875,169.6300048828125,169.8000030517578,163.97804260253906,32542400
232,2017-12-05,169.05999755859375,171.52000427246094,168.39999389648438,169.63999938964844,163.82351684570312,27350200
233,2017-12-06,167.5,170.1999969482422,166.4600067138672,169.00999450683594,163.21514892578125,28560000
234,2017-12-07,169.02999877929688,170.44000244140625,168.91000366210938,169.32000732421875,163.51454162597656,25673300
235,2017-12-08,170.49000549316406,171.0,168.82000732421875,169.3699951171875,163.56277465820312,23355200
236,2017-12-11,169.1999969482422,172.88999938964844,168.7899932861328,172.6699981689453,166.74964904785156,35273800
237,2017-12-12,172.14999389648438,172.38999938964844,171.4600067138672,171.6999969482422,165.81289672851562,19409200
238,2017-12-13,172.5,173.5399932861328,172.0,172.27000427246094,166.3633575439453,23818400
239,2017-12-14,172.39999389648438,173.1300048828125,171.64999389648438,172.22000122070312,166.31507873535156,20476500
240,2017-12-15,173.6300048828125,174.1699981689453,172.4600067138672,173.97000122070312,168.00506591796875,40169300
241,2017-12-18,174.8800048828125,177.1999969482422,174.86000061035156,176.4199981689453,170.37107849121094,29421100
242,2017-12-19,175.02999877929688,175.38999938964844,174.08999633789062,174.5399932861328,168.55551147460938,27436400
243,2017-12-20,174.8699951171875,175.4199981689453,173.25,174.35000610351562,168.37203979492188,23475600
244,2017-12-21,174.1699981689453,176.02000427246094,174.10000610351562,175.00999450683594,169.00942993164062,20949900
245,2017-12-22,174.67999267578125,175.4199981689453,174.5,175.00999450683594,169.00942993164062,16349400
246,2017-12-26,170.8000030517578,171.47000122070312,169.67999267578125,170.57000732421875,164.7216796875,33185500
247,2017-12-27,170.10000610351562,170.77999877929688,169.7100067138672,170.60000610351562,164.75064086914062,21498200
248,2017-12-28,171.0,171.85000610351562,170.47999572753906,171.0800018310547,165.2141876220703,16480200
249,2017-12-29,170.52000427246094,170.58999633789062,169.22000122070312,169.22999572753906,163.42759704589844,25999900
250,2018-01-02,170.16000366210938,172.3000030517578,169.25999450683594,172.25999450683594,166.3537139892578,25555900
251,2018-01-03,172.52999877929688,174.5500030517578,171.9600067138672,172.22999572753906,166.32472229003906,29517900
252,2018-01-04,172.5399932861328,173.47000122070312,172.0800018310547,173.02999877929688,167.0972900390625,22434600
253,2018-01-05,173.44000244140625,175.3699951171875,173.0500030517578,175.0,168.99974060058594,23660000
254,2018-01-08,174.35000610351562,175.61000061035156,173.92999267578125,174.35000610351562,168.37203979492188,20567800
255,2018-01-09,174.5500030517578,175.05999755859375,173.41000366210938,174.3300018310547,168.35272216796875,21584000
256,2018-01-10,173.16000366210938,174.3000030517578,173.0,174.2899932861328,168.31410217285156,23959900
257,2018-01-11,174.58999633789062,175.49000549316406,174.49000549316406,175.27999877929688,169.27015686035156,18667700
258,2018-01-12,176.17999267578125,177.36000061035156,175.64999389648438,177.08999633789062,171.0181121826172,25418100
259,2018-01-16,177.89999389648438,179.38999938964844,176.13999938964844,176.19000244140625,170.1489715576172,29565900
260,2018-01-17,176.14999389648438,179.25,175.07000732421875,179.10000610351562,172.95921325683594,34386800
261,2018-01-18,179.3699951171875,180.10000610351562,178.25,179.25999450683594,173.1136932373047,31193400
262,2018-01-19,178.61000061035156,179.5800018310547,177.41000366210938,178.4600067138672,172.3411407470703,32425100
263,2018-01-22,177.3000030517578,177.77999877929688,176.60000610351562,177.0,170.9311981201172,27108600
264,2018-01-23,177.3000030517578,179.44000244140625,176.82000732421875,177.0399932861328,170.9698028564453,32689100
265,2018-01-24,177.25,177.3000030517578,173.1999969482422,174.22000122070312,168.24652099609375,51105100
266,2018-01-25,174.50999450683594,174.9499969482422,170.52999877929688,171.11000061035156,165.24313354492188,41529000
267,2018-01-26,172.0,172.0,170.05999755859375,171.50999450683594,165.62940979003906,39143000
268,2018-01-29,170.16000366210938,170.16000366210938,167.07000732421875,167.9600067138672,162.20114135742188,50640400
269,2018-01-30,165.52999877929688,167.3699951171875,164.6999969482422,166.97000122070312,161.24510192871094,46048200
270,2018-01-31,166.8699951171875,168.44000244140625,166.5,167.42999267578125,161.68931579589844,32478900
271,2018-02-01,167.1699981689453,168.6199951171875,166.75999450683594,167.77999877929688,162.02732849121094,47230800
272,2018-02-02,166.0,166.8000030517578,160.10000610351562,160.5,154.99693298339844,86593800
273,2018-02-05,159.10000610351562,163.8800048828125,156.0,156.49000549316406,151.12440490722656,72738500
274,2018-02-06,154.8300018310547,163.72000122070312,154.0,163.02999877929688,157.44015502929688,68243800
275,2018-02-07,163.08999633789062,163.39999389648438,159.07000732421875,159.5399932861328,154.06982421875,51608600
276,2018-02-08,160.2899932861328,161.0,155.02999877929688,155.14999389648438,149.8303680419922,54390500
277,2018-02-09,157.07000732421875,157.88999938964844,150.24000549316406,156.41000366210938,151.6630096435547,70672600
278,2018-02-12,158.5,163.88999938964844,157.50999450683594,162.7100067138672,157.77178955078125,60819500
279,2018-02-13,161.9499969482422,164.75,161.64999389648438,164.33999633789062,159.35232543945312,32549200
280,2018-02-14,163.0399932861328,167.5399932861328,162.8800048828125,167.3699951171875,162.2903594970703,40644900
281,2018-02-15,169.7899932861328,173.08999633789062,169.0,172.99000549316406,167.73980712890625,51147200
282,2018-02-16,172.36000061035156,174.82000732421875,171.77000427246094,172.42999267578125,167.19679260253906,40176100
283,2018-02-20,172.0500030517578,174.25999450683594,171.4199981689453,171.85000610351562,166.6343994140625,33930500
284,2018-02-21,172.8300018310547,174.1199951171875,171.00999450683594,171.07000732421875,165.87806701660156,37471600
285,2018-02-22,171.8000030517578,173.9499969482422,171.7100067138672,172.5,167.26467895507812,30991900
286,2018-02-23,173.6699981689453,175.64999389648438,173.5399932861328,175.5,170.17361450195312,33812400
287,2018-02-26,176.35000610351562,179.38999938964844,176.2100067138672,178.97000122070312,173.5382843017578,38162200
288,2018-02-27,179.10000610351562,180.47999572753903,178.16000366210938,178.38999938964844,172.97592163085938,38928100
289,2018-02-28,179.25999450683594,180.6199951171875,178.0500030517578,178.1199951171875,172.714111328125,37782100
290,2018-03-01,178.5399932861328,179.77999877929688,172.66000366210938,175.0,169.6887664794922,48802000
291,2018-03-02,172.8000030517578,176.3000030517578,172.4499969482422,176.2100067138672,170.86207580566406,38454000
292,2018-03-05,175.2100067138672,177.74000549316406,174.52000427246094,176.82000732421875,171.45358276367188,28401400
293,2018-03-06,177.91000366210938,178.25,176.1300048828125,176.6699981689453,171.30812072753906,23788500
294,2018-03-07,174.94000244140625,175.85000610351562,174.27000427246094,175.02999877929688,169.7178955078125,31703500
295,2018-03-08,175.47999572753906,177.1199951171875,175.07000732421875,176.94000244140625,171.56993103027344,23774100
296,2018-03-09,177.9600067138672,180.0,177.38999938964844,179.97999572753906,174.51763916015625,32185200
297,2018-03-12,180.2899932861328,182.38999938964844,180.2100067138672,181.72000122070312,176.204833984375,32207100
298,2018-03-13,182.58999633789062,183.5,179.24000549316406,179.97000122070312,174.50796508789062,31693500
299,2018-03-14,180.32000732421875,180.5200042724609,177.80999755859375,178.44000244140625,173.02438354492188,29368400
300,2018-03-15,178.5,180.2400054931641,178.07000732421875,178.64999389648438,173.22801208496094,22743800
301,2018-03-16,178.64999389648438,179.1199951171875,177.6199951171875,178.02000427246094,172.61715698242188,39404700
302,2018-03-19,177.32000732421875,177.47000122070312,173.66000366210938,175.3000030517578,169.97970581054688,33446800
303,2018-03-20,175.24000549316406,176.8000030517578,174.94000244140625,175.24000549316406,169.92152404785156,19649400
304,2018-03-21,175.0399932861328,175.08999633789062,171.25999450683594,171.27000427246094,166.07200622558594,37054900
305,2018-03-22,170.0,172.67999267578125,168.60000610351562,168.85000610351562,163.72544860839844,41490800
306,2018-03-23,168.38999938964844,169.9199981689453,164.94000244140625,164.94000244140625,159.93409729003906,41028800
307,2018-03-26,168.07000732421875,173.10000610351562,166.44000244140625,172.77000427246094,167.52650451660156,37541200
308,2018-03-27,173.67999267578125,175.14999389648438,166.9199981689453,168.33999633789062,163.2309112548828,40922600
309,2018-03-28,167.25,170.02000427246094,165.19000244140625,166.47999572753906,161.4273681640625,41668500
310,2018-03-29,167.80999755859375,171.75,166.89999389648438,167.77999877929688,162.68792724609375,38398500
311,2018-04-02,166.63999938964844,168.94000244140625,164.47000122070312,166.67999267578125,161.62130737304688,37586800
312,2018-04-03,167.63999938964844,168.75,164.8800048828125,168.38999938964844,163.2794189453125,30278000
313,2018-04-04,164.8800048828125,172.00999450683594,164.77000427246094,171.61000061035156,166.4016876220703,34605500
314,2018-04-05,172.5800018310547,174.22999572753906,172.0800018310547,172.8000030517578,167.55555725097656,26933200
315,2018-04-06,170.97000122070312,172.47999572753906,168.1999969482422,168.3800048828125,163.26974487304688,35005300
316,2018-04-09,169.8800048828125,173.08999633789062,169.85000610351562,170.0500030517578,164.88902282714844,29017700
317,2018-04-10,173.0,174.0,171.52999877929688,173.25,167.99192810058594,28408600
318,2018-04-11,172.22999572753906,173.9199981689453,171.6999969482422,172.44000244140625,167.2064971923828,22431600
319,2018-04-12,173.41000366210938,175.0,173.0399932861328,174.13999938964844,168.85491943359375,22889300
320,2018-04-13,174.77999877929688,175.83999633789062,173.85000610351562,174.72999572753906,169.42697143554688,25124300
321,2018-04-16,175.02999877929688,176.19000244140625,174.8300018310547,175.82000732421875,170.4839324951172,21578400
322,2018-04-17,176.49000549316406,178.94000244140625,176.41000366210938,178.24000549316406,172.83045959472656,26605400
323,2018-04-18,177.80999755859375,178.82000732421875,176.8800048828125,177.83999633789062,172.44259643554688,20754500
324,2018-04-19,173.75999450683594,175.38999938964844,172.66000366210938,172.8000030517578,167.55555725097656,34808800
325,2018-04-20,170.60000610351562,171.22000122070312,165.42999267578125,165.72000122070312,160.6904296875,65491100
326,2018-04-23,166.8300018310547,166.9199981689453,164.08999633789062,165.24000549316406,160.2250213623047,36515500
327,2018-04-24,165.6699981689453,166.3300018310547,161.22000122070312,162.94000244140625,157.9948272705078,33692000
328,2018-04-25,162.6199951171875,165.4199981689453,162.41000366210938,163.64999389648438,158.68325805664062,28382100
329,2018-04-26,164.1199951171875,165.72999572753906,163.3699951171875,164.22000122070312,159.2359619140625,27963000
330,2018-04-27,164.0,164.3300018310547,160.6300048828125,162.32000732421875,157.3936309814453,35655800
331,2018-04-30,162.1300048828125,167.25999450683594,161.83999633789062,165.25999450683594,160.24440002441406,42427400
332,2018-05-01,166.41000366210938,169.1999969482422,165.27000427246094,169.10000610351562,163.96783447265625,53569400
333,2018-05-02,175.22999572753906,177.75,173.8000030517578,176.57000732421875,171.21115112304688,66539400
334,2018-05-03,175.8800048828125,177.5,174.44000244140625,176.88999938964844,171.52142333984375,34068200
335,2018-05-04,178.25,184.25,178.1699981689453,183.8300018310547,178.2508087158203,56201300
336,2018-05-07,185.17999267578125,187.6699981689453,184.75,185.16000366210938,179.54043579101562,42451400
337,2018-05-08,184.9900054931641,186.22000122070312,183.6699981689453,186.0500030517578,180.40342712402344,28402800
338,2018-05-09,186.5500030517578,187.3999938964844,185.22000122070312,187.3600006103516,181.67367553710938,23211200
339,2018-05-10,187.7400054931641,190.3699951171875,187.6499938964844,190.0399932861328,184.27232360839844,27989300
340,2018-05-11,189.4900054931641,190.05999755859372,187.4499969482422,188.58999633789062,183.5714874267578,26212200
341,2018-05-14,189.00999450683597,189.52999877929688,187.8600006103516,188.1499938964844,183.1432037353516,20778800
342,2018-05-15,186.77999877929688,187.07000732421875,185.1000061035156,186.44000244140625,181.47872924804688,23695200
343,2018-05-16,186.07000732421875,188.4600067138672,186.0,188.17999267578125,183.17237854003903,19183100
344,2018-05-17,188.0,188.91000366210938,186.3600006103516,186.9900054931641,182.0140686035156,17294000
345,2018-05-18,187.19000244140625,187.80999755859372,186.1300048828125,186.30999755859372,181.35215759277344,18297700
346,2018-05-21,188.0,189.2700042724609,186.91000366210938,187.6300048828125,182.6370391845703,18400800
347,2018-05-22,188.3800048828125,188.8800048828125,186.77999877929688,187.16000366210938,182.17953491210938,15240700
348,2018-05-23,186.3500061035156,188.5,185.75999450683597,188.3600006103516,183.3476409912109,20058400
349,2018-05-24,188.7700042724609,188.83999633789062,186.2100067138672,188.1499938964844,183.1432037353516,23234000
350,2018-05-25,188.22999572753903,189.6499938964844,187.6499938964844,188.5800018310547,183.561767578125,17461000
351,2018-05-29,187.6000061035156,188.75,186.8699951171875,187.8999938964844,182.89987182617188,22514100
352,2018-05-30,187.72000122070312,188.0,186.77999877929688,187.5,182.5105133056641,18690500
353,2018-05-31,187.22000122070312,188.22999572753903,186.13999938964844,186.8699951171875,181.89724731445312,27482800
354,2018-06-01,187.9900054931641,190.25999450683597,187.75,190.2400054931641,185.1775665283203,23442500
355,2018-06-04,191.63999938964844,193.4199981689453,191.3500061035156,191.8300018310547,186.72528076171875,26266200
356,2018-06-05,193.07000732421875,193.94000244140625,192.3600006103516,193.30999755859372,188.16587829589844,21566000
357,2018-06-06,193.6300048828125,194.0800018310547,191.9199981689453,193.97999572753903,188.81805419921875,20933600
358,2018-06-07,194.13999938964844,194.1999969482422,192.33999633789062,193.4600067138672,188.31190490722656,21347200
359,2018-06-08,191.1699981689453,192.0,189.7700042724609,191.6999969482422,186.59873962402344,26656800
360,2018-06-11,191.3500061035156,191.97000122070312,190.2100067138672,191.22999572753903,186.1412353515625,18308500
361,2018-06-12,191.38999938964844,192.6100006103516,191.1499938964844,192.27999877929688,187.16329956054688,16911100
362,2018-06-13,192.4199981689453,192.8800048828125,190.44000244140625,190.6999969482422,185.62533569335938,21638400
363,2018-06-14,191.5500030517578,191.57000732421875,190.22000122070312,190.8000030517578,185.7227020263672,21610100
364,2018-06-15,190.02999877929688,190.16000366210938,188.25999450683597,188.83999633789062,183.8148651123047,61719200
365,2018-06-18,187.8800048828125,189.22000122070312,187.1999969482422,188.7400054931641,183.7174835205078,18484900
366,2018-06-19,185.13999938964844,186.3300018310547,183.4499969482422,185.69000244140625,180.7486724853516,33578500
367,2018-06-20,186.3500061035156,187.1999969482422,185.72999572753903,186.5,181.537109375,20628700
368,2018-06-21,187.25,188.3500061035156,184.94000244140625,185.4600067138672,180.52479553222656,25711900
369,2018-06-22,186.1199951171875,186.1499938964844,184.6999969482422,184.9199981689453,179.99913024902344,27200400
370,2018-06-25,183.3999938964844,184.9199981689453,180.72999572753903,182.1699981689453,177.32232666015625,31663100
371,2018-06-26,182.9900054931641,186.52999877929688,182.5399932861328,184.42999267578125,179.52218627929688,24569200
372,2018-06-27,185.22999572753903,187.27999877929688,184.02999877929688,184.16000366210938,179.25936889648438,25285300
373,2018-06-28,184.1000061035156,186.2100067138672,183.8000030517578,185.5,180.5637359619141,17365200
374,2018-06-29,186.2899932861328,187.19000244140625,182.91000366210938,185.1100006103516,180.18408203125,22737700
375,2018-07-02,183.82000732421875,187.3000030517578,183.4199981689453,187.17999267578125,182.19900512695312,17731300
376,2018-07-03,187.7899932861328,187.9499969482422,183.5399932861328,183.9199981689453,179.02577209472656,13954800
377,2018-07-05,185.25999450683597,186.41000366210938,184.27999877929688,185.3999938964844,180.46636962890625,16604200
378,2018-07-06,185.4199981689453,188.42999267578125,185.1999969482422,187.97000122070312,182.9679718017578,17485200
379,2018-07-09,189.5,190.67999267578125,189.3000030517578,190.5800018310547,185.508544921875,19756600
380,2018-07-10,190.7100067138672,191.27999877929688,190.17999267578125,190.3500061035156,185.2846984863281,15939100
381,2018-07-11,188.5,189.77999877929688,187.6100006103516,187.8800048828125,182.88038635253903,18831500
382,2018-07-12,189.52999877929688,191.41000366210938,189.30999755859372,191.02999877929688,185.94656372070312,18041100
383,2018-07-13,191.0800018310547,191.83999633789062,190.8999938964844,191.3300018310547,186.2385711669922,12513900
384,2018-07-16,191.5200042724609,192.6499938964844,190.4199981689453,190.91000366210938,185.82977294921875,15043100
385,2018-07-17,189.75,191.8699951171875,189.1999969482422,191.4499969482422,186.3553771972656,15534500
386,2018-07-18,191.77999877929688,191.8000030517578,189.92999267578125,190.3999938964844,185.33331298828125,16393400
387,2018-07-19,189.69000244140625,192.5500030517578,189.69000244140625,191.8800048828125,186.7739562988281,20286800
388,2018-07-20,191.77999877929688,192.42999267578125,190.1699981689453,191.44000244140625,186.3456878662109,20676200
389,2018-07-23,190.67999267578125,191.9600067138672,189.55999755859372,191.6100006103516,186.5111083984375,15989400
390,2018-07-24,192.4499969482422,193.66000366210938,192.0500030517578,193.0,187.86415100097656,18697900
391,2018-07-25,193.05999755859372,194.8500061035156,192.42999267578125,194.82000732421875,189.63571166992188,16709900
392,2018-07-26,194.6100006103516,195.9600067138672,193.6100006103516,194.2100067138672,189.0419464111328,19076000
393,2018-07-27,194.9900054931641,195.19000244140625,190.1000061035156,190.97999572753903,185.8979034423828,24024000
394,2018-07-30,191.8999938964844,192.1999969482422,189.07000732421875,189.91000366210938,184.8563690185547,21029500
395,2018-07-31,190.3000030517578,192.13999938964844,189.33999633789062,190.2899932861328,185.2262420654297,39373000
396,2018-08-01,199.1300048828125,201.75999450683597,197.30999755859372,201.5,196.1379547119141,67935700
397,2018-08-02,200.5800018310547,208.3800048828125,200.3500061035156,207.38999938964844,201.8712158203125,62404000
398,2018-08-03,207.02999877929688,208.7400054931641,205.47999572753903,207.9900054931641,202.45523071289062,33447400
399,2018-08-06,208.0,209.25,207.07000732421875,209.07000732421875,203.50650024414062,25425400
400,2018-08-07,209.32000732421875,209.5,206.75999450683597,207.1100006103516,201.59864807128903,25587400
401,2018-08-08,206.0500030517578,207.80999755859372,204.5200042724609,207.25,201.7349548339844,22525500
402,2018-08-09,209.52999877929688,209.77999877929688,207.1999969482422,208.8800048828125,203.3215789794922,23492600
403,2018-08-10,207.3600006103516,209.1000061035156,206.6699981689453,207.52999877929688,202.71592712402344,24611200
404,2018-08-13,209.30999755859372,210.9499969482422,207.6999969482422,208.8699951171875,204.02484130859372,25890900
405,2018-08-14,210.16000366210938,210.55999755859372,208.25999450683597,209.75,204.88449096679688,20748000
406,2018-08-15,209.22000122070312,210.7400054931641,208.3300018310547,210.2400054931641,205.3630828857422,28807600
407,2018-08-16,211.75,213.80999755859372,211.47000122070312,213.32000732421875,208.3716583251953,28500400
408,2018-08-17,213.44000244140625,217.9499969482422,213.16000366210938,217.5800018310547,212.5328063964844,35427000
409,2018-08-20,218.1000061035156,219.17999267578125,215.1100006103516,215.4600067138672,210.4620056152344,30287700
410,2018-08-21,216.8000030517578,217.19000244140625,214.02999877929688,215.0399932861328,210.05172729492188,26159800
411,2018-08-22,214.1000061035156,216.3600006103516,213.83999633789062,215.0500030517578,210.0615234375,19018100
412,2018-08-23,214.6499938964844,217.0500030517578,214.6000061035156,215.4900054931641,210.49131774902344,18883200
413,2018-08-24,216.6000061035156,216.8999938964844,215.1100006103516,216.16000366210938,211.1457672119141,18476400
414,2018-08-27,217.1499938964844,218.7400054931641,216.3300018310547,217.94000244140625,212.88446044921875,20525100
415,2018-08-28,219.00999450683597,220.5399932861328,218.9199981689453,219.6999969482422,214.6036376953125,22776800
416,2018-08-29,220.1499938964844,223.4900054931641,219.41000366210938,222.97999572753903,217.8075714111328,27254800
417,2018-08-30,223.25,228.25999450683597,222.3999938964844,225.02999877929688,219.80999755859372,48793800
418,2018-08-31,226.50999450683597,228.8699951171875,226.0,227.6300048828125,222.3496856689453,43340100
419,2018-09-04,228.41000366210938,229.17999267578125,226.6300048828125,228.3600006103516,223.0627593994141,27390100
420,2018-09-05,228.9900054931641,229.6699981689453,225.1000061035156,226.8699951171875,221.6073455810547,33333000
421,2018-09-06,226.22999572753903,227.3500061035156,221.3000030517578,223.1000061035156,217.9247894287109,34290000
422,2018-09-07,221.8500061035156,225.3699951171875,220.7100067138672,221.3000030517578,216.1665496826172,37619800
423,2018-09-10,220.9499969482422,221.8500061035156,216.47000122070312,218.3300018310547,213.26541137695312,39516500
424,2018-09-11,218.00999450683597,224.3000030517578,216.55999755859372,223.8500061035156,218.65740966796875,35749000
425,2018-09-12,224.94000244140625,225.0,219.83999633789062,221.07000732421875,215.9418792724609,49278700
426,2018-09-13,223.5200042724609,228.3500061035156,222.57000732421875,226.41000366210938,221.15798950195312,41706400
427,2018-09-14,225.75,226.83999633789062,222.5200042724609,223.83999633789062,218.64761352539062,31999300
428,2018-09-17,222.1499938964844,222.9499969482422,217.2700042724609,217.8800048828125,212.8258819580078,37195100
429,2018-09-18,217.7899932861328,221.8500061035156,217.1199951171875,218.2400054931641,213.17752075195312,31571700
430,2018-09-19,218.5,219.6199951171875,215.3000030517578,218.3699951171875,213.30447387695312,27123800
431,2018-09-20,220.2400054931641,222.27999877929688,219.1499938964844,220.02999877929688,214.92601013183597,26608800
432,2018-09-21,220.77999877929688,221.3600006103516,217.2899932861328,217.66000366210938,212.6109771728516,96246700
433,2018-09-24,216.82000732421875,221.25999450683597,216.6300048828125,220.7899932861328,215.6683654785156,27693400
434,2018-09-25,219.75,222.82000732421875,219.6999969482422,222.19000244140625,217.035888671875,24554400
435,2018-09-26,221.0,223.75,219.75999450683597,220.4199981689453,215.3069305419922,23984700
436,2018-09-27,223.82000732421875,226.44000244140625,223.5399932861328,224.9499969482422,219.7318572998047,30181200
437,2018-09-28,224.7899932861328,225.83999633789062,224.0200042724609,225.7400054931641,220.5035400390625,22929400
438,2018-10-01,227.9499969482422,229.4199981689453,226.3500061035156,227.25999450683597,221.9882659912109,23600800
439,2018-10-02,227.25,230.0,226.6300048828125,229.27999877929688,223.96142578125,24788200
440,2018-10-03,230.0500030517578,233.47000122070312,229.77999877929688,232.07000732421875,226.68670654296875,28654800
441,2018-10-04,230.77999877929688,232.3500061035156,226.72999572753903,227.9900054931641,222.7013397216797,32042000
442,2018-10-05,227.9600067138672,228.41000366210938,220.5800018310547,224.2899932861328,219.087158203125,33580500
443,2018-10-08,222.2100067138672,224.8000030517578,220.1999969482422,223.7700042724609,218.5792694091797,29663900
444,2018-10-09,223.63999938964844,227.2700042724609,222.25,226.8699951171875,221.6073455810547,26891000
445,2018-10-10,225.4600067138672,226.3500061035156,216.0500030517578,216.3600006103516,211.3411102294922,41990600
446,2018-10-11,214.5200042724609,219.5,212.32000732421875,214.4499969482422,209.47543334960938,53124400
447,2018-10-12,220.4199981689453,222.8800048828125,216.83999633789062,222.1100006103516,216.95774841308597,40337900
448,2018-10-15,221.16000366210938,221.8300018310547,217.2700042724609,217.3600006103516,212.3179168701172,30791000
449,2018-10-16,218.92999267578125,222.9900054931641,216.75999450683597,222.1499938964844,216.99681091308597,29184000
450,2018-10-17,222.3000030517578,222.63999938964844,219.33999633789062,221.19000244140625,216.05909729003903,22885400
451,2018-10-18,217.8600006103516,219.7400054931641,213.0,216.0200042724609,211.0089874267578,32581300
452,2018-10-19,218.05999755859372,221.25999450683597,217.42999267578125,219.30999755859372,214.22267150878903,33078700
453,2018-10-22,219.7899932861328,223.3600006103516,218.94000244140625,220.6499938964844,215.53160095214844,28792100
454,2018-10-23,215.8300018310547,223.25,214.6999969482422,222.72999572753903,217.5633544921875,38767800
455,2018-10-24,222.6000061035156,224.22999572753903,214.5399932861328,215.08999633789062,210.1005859375,40925500
456,2018-10-25,217.7100067138672,221.3800048828125,216.75,219.8000030517578,214.7013397216797,29855800
457,2018-10-26,215.8999938964844,220.19000244140625,212.6699981689453,216.3000030517578,211.28253173828125,47258400
458,2018-10-29,219.19000244140625,219.69000244140625,206.08999633789062,212.2400054931641,207.3166961669922,45935500
459,2018-10-30,211.1499938964844,215.17999267578125,209.2700042724609,213.3000030517578,208.35211181640625,36660000
460,2018-10-31,216.8800048828125,220.4499969482422,216.6199951171875,218.8600006103516,213.78314208984372,38358900
461,2018-11-01,219.0500030517578,222.3600006103516,216.80999755859372,222.22000122070312,217.065185546875,58323200
462,2018-11-02,209.5500030517578,213.6499938964844,205.42999267578125,207.47999572753903,202.66709899902344,91328700
463,2018-11-05,204.3000030517578,204.38999938964844,198.1699981689453,201.58999633789062,196.91372680664062,66163700
464,2018-11-06,201.9199981689453,204.72000122070312,201.69000244140625,203.7700042724609,199.04318237304688,31882900
465,2018-11-07,205.97000122070312,210.05999755859372,204.1300048828125,209.9499969482422,205.07980346679688,33424400
466,2018-11-08,209.97999572753903,210.1199951171875,206.75,208.4900054931641,204.3642578125,25362600
467,2018-11-09,205.5500030517578,206.00999450683597,202.25,204.47000122070312,200.42379760742188,34365800
468,2018-11-12,199.0,199.8500061035156,193.7899932861328,194.1699981689453,190.3276214599609,51135500
469,2018-11-13,191.6300048828125,197.17999267578125,191.4499969482422,192.22999572753903,188.426025390625,46882900
470,2018-11-14,193.8999938964844,194.47999572753903,185.92999267578125,186.8000030517578,183.10348510742188,60801000
471,2018-11-15,188.38999938964844,191.97000122070312,186.8999938964844,191.41000366210938,187.62225341796875,46478800
472,2018-11-16,190.5,194.97000122070312,189.4600067138672,193.52999877929688,189.70030212402344,36928300
473,2018-11-19,190.0,190.6999969482422,184.9900054931641,185.8600006103516,182.1820831298828,41925300
474,2018-11-20,178.3699951171875,181.47000122070312,175.50999450683594,176.97999572753906,173.47781372070312,67825200
475,2018-11-21,179.72999572753906,180.2700042724609,176.5500030517578,176.77999877929688,173.28175354003906,31124200
476,2018-11-23,174.94000244140625,176.60000610351562,172.10000610351562,172.2899932861328,168.88059997558594,23624000
477,2018-11-26,174.24000549316406,174.9499969482422,170.25999450683594,174.6199951171875,171.1645050048828,44998500
478,2018-11-27,171.50999450683594,174.77000427246094,170.8800048828125,174.24000549316406,170.7920379638672,41387400
479,2018-11-28,176.72999572753906,181.2899932861328,174.92999267578125,180.94000244140625,177.3594512939453,46062500
480,2018-11-29,182.66000366210938,182.8000030517578,177.6999969482422,179.5500030517578,175.99693298339844,41770000
481,2018-11-30,180.2899932861328,180.3300018310547,177.02999877929688,178.5800018310547,175.04615783691406,39531500
482,2018-12-03,184.4600067138672,184.94000244140625,181.2100067138672,184.82000732421875,181.16265869140625,40802500
483,2018-12-04,180.9499969482422,182.38999938964844,176.27000427246094,176.69000244140625,173.19354248046875,41344300
484,2018-12-06,171.75999450683594,174.77999877929688,170.4199981689453,174.72000122070312,171.2625274658203,43098400
485,2018-12-07,173.49000549316406,174.49000549316406,168.3000030517578,168.49000549316406,165.15582275390625,42281600
486,2018-12-10,165.0,170.08999633789062,163.3300018310547,169.60000610351562,166.2438507080078,62026000
487,2018-12-11,171.66000366210938,171.7899932861328,167.0,168.6300048828125,165.2930450439453,47281700
488,2018-12-12,170.39999389648438,171.9199981689453,169.02000427246094,169.10000610351562,165.7537384033203,35627700
489,2018-12-13,170.49000549316406,172.57000732421875,169.5500030517578,170.9499969482422,167.56712341308594,31898600
490,2018-12-14,169.0,169.0800018310547,165.27999877929688,165.47999572753906,162.2053680419922,40703700
491,2018-12-17,165.4499969482422,168.35000610351562,162.72999572753906,163.94000244140625,160.69586181640625,44287900
492,2018-12-18,165.3800048828125,167.52999877929688,164.38999938964844,166.07000732421875,162.78372192382812,33841500
493,2018-12-19,166.0,167.4499969482422,159.08999633789062,160.88999938964844,157.70619201660156,49047300
494,2018-12-20,160.39999389648438,162.11000061035156,155.3000030517578,156.8300018310547,153.72653198242188,64773000
495,2018-12-21,156.86000061035156,158.16000366210938,149.6300048828125,150.72999572753906,147.74725341796875,95744600
496,2018-12-24,148.14999389648438,151.5500030517578,146.58999633789062,146.8300018310547,143.92445373535156,37169200
497,2018-12-26,148.3000030517578,157.22999572753906,146.72000122070312,157.1699981689453,154.059814453125,58582500
498,2018-12-27,155.83999633789062,156.77000427246094,150.07000732421875,156.14999389648438,153.05999755859375,53117100
499,2018-12-28,157.5,158.52000427246094,154.5500030517578,156.22999572753906,153.138427734375,42291400
500,2018-12-31,158.52999877929688,159.36000061035156,156.47999572753906,157.74000549316406,154.61854553222656,35003500
501,2019-01-02,154.88999938964844,158.85000610351562,154.22999572753906,157.9199981689453,154.79498291015625,37039700
502,2019-01-03,143.97999572753906,145.72000122070312,142.0,142.19000244140625,139.37625122070312,91312200
503,2019-01-04,144.52999877929688,148.5500030517578,143.8000030517578,148.25999450683594,145.3261260986328,58607100
504,2019-01-07,148.6999969482422,148.8300018310547,145.89999389648438,147.92999267578125,145.002685546875,54777800
505,2019-01-08,149.55999755859375,151.82000732421875,148.52000427246094,150.75,147.76686096191406,41025300
506,2019-01-09,151.2899932861328,154.52999877929688,149.6300048828125,153.30999755859375,150.2761993408203,45099100
507,2019-01-10,152.5,153.97000122070312,150.86000061035156,153.8000030517578,150.75653076171875,35780700
508,2019-01-11,152.8800048828125,153.6999969482422,151.50999450683594,152.2899932861328,149.27638244628906,27023200
509,2019-01-14,150.85000610351562,151.27000427246094,149.22000122070312,150.0,147.03170776367188,32439200
510,2019-01-15,150.27000427246094,153.38999938964844,150.0500030517578,153.07000732421875,150.0409698486328,28710900
511,2019-01-16,153.0800018310547,155.8800048828125,153.0,154.94000244140625,151.87396240234375,30569700
512,2019-01-17,154.1999969482422,157.66000366210938,153.25999450683594,155.86000061035156,152.77574157714844,29821200
513,2019-01-18,157.5,157.8800048828125,155.97999572753906,156.82000732421875,153.7167510986328,33751000
514,2019-01-22,156.41000366210938,156.72999572753906,152.6199951171875,153.3000030517578,150.2664031982422,30394000
515,2019-01-23,154.14999389648438,155.13999938964844,151.6999969482422,153.9199981689453,150.87413024902344,23130600
516,2019-01-24,154.11000061035156,154.47999572753906,151.74000549316406,152.6999969482422,149.67825317382812,25441500
517,2019-01-25,155.47999572753906,158.1300048828125,154.32000732421875,157.75999450683594,154.63815307617188,33535500
518,2019-01-28,155.7899932861328,156.3300018310547,153.66000366210938,156.3000030517578,153.20704650878906,26192100
519,2019-01-29,156.25,158.1300048828125,154.11000061035156,154.67999267578125,151.61907958984375,41587200
520,2019-01-30,163.25,166.14999389648438,160.22999572753906,165.25,161.9799346923828,61109800
521,2019-01-31,166.11000061035156,169.0,164.55999755859375,166.44000244140625,163.1463623046875,40739600
522,2019-02-01,166.9600067138672,168.97999572753906,165.92999267578125,166.52000427246094,163.22479248046875,32668100
523,2019-02-04,167.41000366210938,171.66000366210938,167.27999877929688,171.25,167.86119079589844,31495500
524,2019-02-05,172.86000061035156,175.0800018310547,172.35000610351562,174.17999267578125,170.73321533203125,36101600
525,2019-02-06,174.64999389648438,175.57000732421875,172.85000610351562,174.24000549316406,170.7920379638672,28239600
526,2019-02-07,172.39999389648438,173.94000244140625,170.33999633789062,170.94000244140625,167.5573272705078,31741700
527,2019-02-08,168.99000549316406,170.66000366210938,168.4199981689453,170.41000366210938,167.7542266845703,23820000
528,2019-02-11,171.0500030517578,171.2100067138672,169.25,169.42999267578125,166.7894744873047,20993400
529,2019-02-12,170.10000610351562,171.0,169.6999969482422,170.88999938964844,168.2267303466797,22283500
530,2019-02-13,171.38999938964844,172.47999572753906,169.9199981689453,170.17999267578125,167.5277862548828,22490200
531,2019-02-14,169.7100067138672,171.25999450683594,169.3800048828125,170.8000030517578,168.13815307617188,21835700
532,2019-02-15,171.25,171.6999969482422,169.75,170.4199981689453,167.76406860351562,24626800
533,2019-02-19,169.7100067138672,171.44000244140625,169.49000549316406,170.92999267578125,168.26609802246094,18972800
534,2019-02-20,171.19000244140625,173.32000732421875,170.99000549316406,172.02999877929688,169.34896850585938,26114400
535,2019-02-21,171.8000030517578,172.3699951171875,170.3000030517578,171.05999755859375,168.3940887451172,17249700
536,2019-02-22,171.5800018310547,173.0,171.3800048828125,172.97000122070312,170.27430725097656,18913200
537,2019-02-25,174.16000366210938,175.8699951171875,173.9499969482422,174.22999572753906,171.51466369628906,21873400
538,2019-02-26,173.7100067138672,175.3000030517578,173.1699981689453,174.3300018310547,171.6131134033203,17070200
539,2019-02-27,173.2100067138672,175.0,172.72999572753906,174.8699951171875,172.1446990966797,27835400
540,2019-02-28,174.32000732421875,174.91000366210938,172.9199981689453,173.14999389648438,170.45150756835938,28215400
541,2019-03-01,174.27999877929688,175.14999389648438,172.88999938964844,174.97000122070312,172.2431182861328,25886200
542,2019-03-04,175.69000244140625,177.75,173.97000122070312,175.85000610351562,173.10943603515625,27436200
543,2019-03-05,175.94000244140625,176.0,174.5399932861328,175.52999877929688,172.79440307617188,19737400
544,2019-03-06,174.6699981689453,175.49000549316406,173.94000244140625,174.52000427246094,171.8001708984375,20810400
545,2019-03-07,173.8699951171875,174.44000244140625,172.02000427246094,172.5,169.8116455078125,24796400
546,2019-03-08,170.32000732421875,173.07000732421875,169.5,172.91000366210938,170.2152557373047,23999400
547,2019-03-11,175.49000549316406,179.1199951171875,175.35000610351562,178.89999389648438,176.11187744140625,32011000
548,2019-03-12,180.0,182.6699981689453,179.3699951171875,180.91000366210938,178.090576171875,32467600
549,2019-03-13,182.25,183.3000030517578,180.9199981689453,181.7100067138672,178.8780975341797,31032500
550,2019-03-14,183.8999938964844,184.1000061035156,182.55999755859372,183.72999572753903,180.8666076660156,23579500
551,2019-03-15,184.8500061035156,187.3300018310547,183.7400054931641,186.1199951171875,183.2193603515625,39042900
552,2019-03-18,185.8000030517578,188.38999938964844,185.7899932861328,188.0200042724609,185.0897674560547,26219800
553,2019-03-19,188.3500061035156,188.9900054931641,185.9199981689453,186.52999877929688,183.62298583984372,31646400
554,2019-03-20,186.22999572753903,189.4900054931641,184.72999572753903,188.16000366210938,185.2275848388672,31035200
555,2019-03-21,190.0200042724609,196.3300018310547,189.80999755859372,195.08999633789062,192.049560546875,51034200
556,2019-03-22,195.33999633789062,197.69000244140625,190.77999877929688,191.0500030517578,188.07254028320312,42407700
557,2019-03-25,191.50999450683597,191.97999572753903,186.6000061035156,188.7400054931641,185.79852294921875,43845300
558,2019-03-26,191.66000366210938,192.8800048828125,184.5800018310547,186.7899932861328,183.87892150878903,49800500
559,2019-03-27,188.75,189.75999450683597,186.5500030517578,188.47000122070312,185.5327453613281,29848400
560,2019-03-28,188.9499969482422,189.55999755859372,187.52999877929688,188.72000122070312,185.7788391113281,20780400
561,2019-03-29,189.8300018310547,190.0800018310547,188.5399932861328,189.9499969482422,186.98968505859372,23564000
562,2019-04-01,191.63999938964844,191.67999267578125,188.3800048828125,191.2400054931641,188.2595977783203,27862000
563,2019-04-02,191.08999633789062,194.4600067138672,191.0500030517578,194.0200042724609,190.9962615966797,22765700
564,2019-04-03,193.25,196.5,193.1499938964844,195.3500061035156,192.3055419921875,23271800
565,2019-04-04,194.7899932861328,196.3699951171875,193.13999938964844,195.69000244140625,192.6402130126953,19114300
566,2019-04-05,196.4499969482422,197.1000061035156,195.92999267578125,197.0,193.92979431152344,18526600
567,2019-04-08,196.4199981689453,200.22999572753903,196.33999633789062,200.1000061035156,196.9814910888672,25881700
568,2019-04-09,200.32000732421875,202.8500061035156,199.22999572753903,199.5,196.39083862304688,35768200
569,2019-04-10,198.67999267578125,200.7400054931641,198.17999267578125,200.6199951171875,197.49337768554688,21695300
570,2019-04-11,200.8500061035156,201.0,198.44000244140625,198.9499969482422,195.8494110107422,20900800
571,2019-04-12,199.1999969482422,200.13999938964844,196.2100067138672,198.8699951171875,195.77066040039062,27760700
572,2019-04-15,198.5800018310547,199.8500061035156,198.00999450683597,199.22999572753903,196.1250457763672,17536600
573,2019-04-16,199.4600067138672,201.3699951171875,198.55999755859372,199.25,196.14474487304688,25696400
574,2019-04-17,199.5399932861328,203.3800048828125,198.6100006103516,203.1300048828125,199.9642791748047,28906800
575,2019-04-18,203.1199951171875,204.1499938964844,202.5200042724609,203.8600006103516,200.6829071044922,24195800
576,2019-04-22,202.8300018310547,204.94000244140625,202.33999633789062,204.52999877929688,201.34246826171875,19439500
577,2019-04-23,204.42999267578125,207.75,203.8999938964844,207.47999572753903,204.24647521972656,23323000
578,2019-04-24,207.3600006103516,208.47999572753903,207.0500030517578,207.16000366210938,203.9314727783203,17540600
579,2019-04-25,206.8300018310547,207.75999450683597,205.1199951171875,205.27999877929688,202.08078002929688,18543200
580,2019-04-26,204.8999938964844,205.0,202.1199951171875,204.3000030517578,201.1160430908203,18649100
581,2019-04-29,204.3999938964844,205.97000122070312,203.8600006103516,204.6100006103516,201.4212188720703,22204700
582,2019-04-30,203.05999755859372,203.3999938964844,199.1100006103516,200.6699981689453,197.5426177978516,46534900
583,2019-05-01,209.8800048828125,215.30999755859372,209.22999572753903,210.5200042724609,207.23912048339844,64827300
584,2019-05-02,209.83999633789062,212.6499938964844,208.1300048828125,209.1499938964844,205.8904571533203,31996300
585,2019-05-03,210.88999938964844,211.83999633789062,210.22999572753903,211.75,208.449951171875,20892400
586,2019-05-06,204.2899932861328,208.83999633789062,203.5,208.47999572753903,205.2309112548828,32443100
587,2019-05-07,205.8800048828125,207.4199981689453,200.8300018310547,202.8600006103516,199.6985015869141,38763700
588,2019-05-08,201.8999938964844,205.33999633789062,201.75,202.8999938964844,199.73785400390625,26339500
589,2019-05-09,200.3999938964844,201.67999267578125,196.66000366210938,200.72000122070312,197.5918273925781,34908600
590,2019-05-10,197.4199981689453,198.8500061035156,192.7700042724609,197.17999267578125,194.85450744628903,41208700
591,2019-05-13,187.7100067138672,189.47999572753903,182.8500061035156,185.72000122070312,183.52967834472656,57430600
592,2019-05-14,186.41000366210938,189.6999969482422,185.41000366210938,188.66000366210938,186.43499755859372,36529700
593,2019-05-15,186.2700042724609,191.75,186.0200042724609,190.9199981689453,188.6683349609375,26544700
594,2019-05-16,189.91000366210938,192.47000122070312,188.83999633789062,190.0800018310547,187.8382568359375,33031400
595,2019-05-17,186.92999267578125,190.8999938964844,186.75999450683597,189.0,186.77099609375,32879100
596,2019-05-20,183.5200042724609,184.3500061035156,180.27999877929688,183.08999633789062,180.9306945800781,38612300
597,2019-05-21,185.22000122070312,188.0,184.6999969482422,186.6000061035156,184.39930725097656,28364800
598,2019-05-22,184.66000366210938,185.7100067138672,182.5500030517578,182.77999877929688,180.62432861328125,29748600
599,2019-05-23,179.8000030517578,180.5399932861328,177.80999755859375,179.66000366210938,177.5411376953125,36529700
600,2019-05-24,180.1999969482422,182.13999938964844,178.6199951171875,178.97000122070312,176.85928344726562,23714700
601,2019-05-28,178.9199981689453,180.58999633789062,177.91000366210938,178.22999572753906,176.1280059814453,27948200
602,2019-05-29,176.4199981689453,179.35000610351562,176.0,177.3800048828125,175.28802490234375,28481200
603,2019-05-30,177.9499969482422,179.22999572753906,176.6699981689453,178.3000030517578,176.1971893310547,21218400
604,2019-05-31,176.22999572753906,177.99000549316406,174.99000549316406,175.07000732421875,173.00527954101562,27043600
605,2019-06-03,175.60000610351562,177.9199981689453,170.27000427246094,173.3000030517578,171.25613403320312,40396100
606,2019-06-04,175.44000244140625,179.8300018310547,174.52000427246094,179.63999938964844,177.52137756347656,30968000
607,2019-06-05,184.27999877929688,184.9900054931641,181.13999938964844,182.5399932861328,180.38714599609372,29773400
608,2019-06-06,183.0800018310547,185.47000122070312,182.1499938964844,185.22000122070312,183.0355682373047,22526300
609,2019-06-07,186.50999450683597,191.9199981689453,185.7700042724609,190.1499938964844,187.90740966796875,30684400
610,2019-06-10,191.80999755859372,195.3699951171875,191.6199951171875,192.5800018310547,190.3087615966797,26220900
611,2019-06-11,194.8600006103516,196.0,193.6000061035156,194.80999755859372,192.512451171875,26932900
612,2019-06-12,193.9499969482422,195.97000122070312,193.38999938964844,194.19000244140625,191.8997802734375,18221800
613,2019-06-13,194.6999969482422,196.7899932861328,193.6000061035156,194.1499938964844,191.8602294921875,21674600
614,2019-06-14,191.5500030517578,193.58999633789062,190.3000030517578,192.7400054931641,190.4668731689453,18761500
615,2019-06-17,192.8999938964844,194.9600067138672,192.1699981689453,193.88999938964844,191.6033172607422,14669100
616,2019-06-18,196.0500030517578,200.2899932861328,195.2100067138672,198.4499969482422,196.10952758789062,26551000
617,2019-06-19,199.67999267578125,199.8800048828125,197.30999755859372,197.8699951171875,195.536376953125,21124200
618,2019-06-20,200.3699951171875,200.6100006103516,198.02999877929688,199.4600067138672,197.1076202392578,21514000
619,2019-06-21,198.8000030517578,200.8500061035156,198.1499938964844,198.77999877929688,196.4356231689453,47800600
620,2019-06-24,198.5399932861328,200.16000366210938,198.1699981689453,198.5800018310547,196.2379913330078,18220400
621,2019-06-25,198.42999267578125,199.25999450683597,195.2899932861328,195.57000732421875,193.2635040283203,21070300
622,2019-06-26,197.7700042724609,200.9900054931641,197.3500061035156,199.8000030517578,197.4436187744141,26067500
623,2019-06-27,200.2899932861328,201.57000732421875,199.57000732421875,199.7400054931641,197.3843231201172,20899700
624,2019-06-28,198.67999267578125,199.5,197.0500030517578,197.9199981689453,195.5857696533203,31110600
625,2019-07-01,203.1699981689453,204.4900054931641,200.6499938964844,201.5500030517578,199.1729888916016,27316700
626,2019-07-02,201.41000366210938,203.1300048828125,201.3600006103516,202.72999572753903,200.33905029296875,16935200
627,2019-07-03,203.27999877929688,204.44000244140625,202.69000244140625,204.41000366210938,201.99923706054688,11362000
628,2019-07-05,203.3500061035156,205.0800018310547,202.8999938964844,204.22999572753903,201.82135009765625,17265500
629,2019-07-08,200.80999755859372,201.3999938964844,198.41000366210938,200.0200042724609,197.6610107421875,25338600
630,2019-07-09,199.1999969482422,201.50999450683597,198.80999755859372,201.2400054931641,198.86663818359372,20578000
631,2019-07-10,201.8500061035156,203.72999572753903,201.55999755859372,203.22999572753903,200.83316040039062,17897100
632,2019-07-11,203.30999755859372,204.38999938964844,201.7100067138672,201.75,199.37062072753903,20191800
633,2019-07-12,202.4499969482422,204.0,202.1999969482422,203.3000030517578,200.90234375,17595200
634,2019-07-15,204.08999633789062,205.8699951171875,204.0,205.2100067138672,202.7898101806641,16947400
635,2019-07-16,204.58999633789062,206.1100006103516,203.5,204.5,202.0881805419922,16866800
636,2019-07-17,204.0500030517578,205.08999633789062,203.2700042724609,203.3500061035156,200.9517364501953,14107500
637,2019-07-18,204.0,205.8800048828125,203.6999969482422,205.66000366210938,203.2344970703125,18582200
638,2019-07-19,205.7899932861328,206.5,202.3600006103516,202.58999633789062,200.20069885253903,20929300
639,2019-07-22,203.6499938964844,207.22999572753903,203.6100006103516,207.22000122070312,204.77610778808597,22277900
640,2019-07-23,208.4600067138672,208.91000366210938,207.2899932861328,208.83999633789062,206.3769836425781,18355200
641,2019-07-24,207.6699981689453,209.1499938964844,207.1699981689453,208.6699981689453,206.2090148925781,14991600
642,2019-07-25,208.88999938964844,209.2400054931641,206.72999572753903,207.0200042724609,204.57847595214844,13909600
643,2019-07-26,207.47999572753903,209.72999572753903,207.13999938964844,207.7400054931641,205.28997802734372,17618900
644,2019-07-29,208.4600067138672,210.63999938964844,208.44000244140625,209.67999267578125,207.2070770263672,21673400
645,2019-07-30,208.75999450683597,210.16000366210938,207.30999755859372,208.77999877929688,206.31768798828125,33935700
646,2019-07-31,216.4199981689453,221.3699951171875,211.3000030517578,213.0399932861328,210.5274658203125,69281400
647,2019-08-01,213.8999938964844,218.02999877929688,206.7400054931641,208.42999267578125,205.9718170166016,54017900
648,2019-08-02,205.52999877929688,206.42999267578125,201.6300048828125,204.0200042724609,201.6138458251953,40862100
649,2019-08-05,197.9900054931641,198.6499938964844,192.5800018310547,193.33999633789062,191.05978393554688,52393000
650,2019-08-06,196.30999755859372,198.07000732421875,194.0399932861328,197.0,194.67662048339844,35824800
651,2019-08-07,195.41000366210938,199.55999755859372,193.82000732421875,199.0399932861328,196.69256591796875,33364400
652,2019-08-08,200.1999969482422,203.52999877929688,199.38999938964844,203.42999267578125,201.0307922363281,27009500
653,2019-08-09,201.3000030517578,202.75999450683597,199.2899932861328,200.9900054931641,199.3742218017578,24619700
654,2019-08-12,199.6199951171875,202.0500030517578,199.1499938964844,200.47999572753903,198.86831665039062,22474900
655,2019-08-13,201.0200042724609,212.13999938964844,200.47999572753903,208.97000122070312,207.2900848388672,47218500
656,2019-08-14,203.16000366210938,206.44000244140625,202.58999633789062,202.75,201.1200714111328,36547400
657,2019-08-15,203.4600067138672,205.13999938964844,199.6699981689453,201.7400054931641,200.1181945800781,27227400
658,2019-08-16,204.27999877929688,207.16000366210938,203.83999633789062,206.5,204.8399200439453,27620400
659,2019-08-19,210.6199951171875,212.72999572753903,210.02999877929688,210.3500061035156,208.6589813232422,24413600
660,2019-08-20,210.8800048828125,213.3500061035156,210.32000732421875,210.3600006103516,208.6688995361328,26884300
661,2019-08-21,212.9900054931641,213.6499938964844,211.6000061035156,212.63999938964844,210.9305725097656,21535400
662,2019-08-22,213.19000244140625,214.44000244140625,210.75,212.4600067138672,210.7520294189453,22253700
663,2019-08-23,209.42999267578125,212.0500030517578,201.0,202.63999938964844,201.01097106933597,46818000
664,2019-08-26,205.8600006103516,207.19000244140625,205.05999755859372,206.4900054931641,204.8300018310547,26043600
665,2019-08-27,207.8600006103516,208.5500030517578,203.52999877929688,204.16000366210938,202.51873779296875,25873300
666,2019-08-28,204.1000061035156,205.72000122070312,203.32000732421875,205.52999877929688,203.8777313232422,15938800
667,2019-08-29,208.5,209.32000732421875,206.66000366210938,209.00999450683597,207.32974243164062,20990500
668,2019-08-30,210.16000366210938,210.4499969482422,207.1999969482422,208.7400054931641,207.0619201660156,21143400
669,2019-09-03,206.42999267578125,206.97999572753903,204.22000122070312,205.6999969482422,204.0463409423828,20023000
670,2019-09-04,208.38999938964844,209.47999572753903,207.32000732421875,209.19000244140625,207.50831604003903,19188100
671,2019-09-05,212.0,213.97000122070312,211.50999450683597,213.27999877929688,211.5654144287109,23913700
672,2019-09-06,214.0500030517578,214.4199981689453,212.50999450683597,213.25999450683597,211.5455780029297,19362300
673,2019-09-09,214.83999633789062,216.44000244140625,211.07000732421875,214.1699981689453,212.4482727050781,27309400
674,2019-09-10,213.8600006103516,216.77999877929688,211.7100067138672,216.6999969482422,214.9579162597656,31777900
675,2019-09-11,218.07000732421875,223.7100067138672,217.72999572753903,223.58999633789062,221.79254150390625,44289600
676,2019-09-12,224.8000030517578,226.4199981689453,222.8600006103516,223.08999633789062,221.2965545654297,32226700
677,2019-09-13,220.0,220.7899932861328,217.0200042724609,218.75,216.991455078125,39763300
678,2019-09-16,217.72999572753903,220.1300048828125,217.55999755859372,219.8999938964844,218.1322021484375,21158100
679,2019-09-17,219.9600067138672,220.82000732421875,219.1199951171875,220.6999969482422,218.92578125,18318700
680,2019-09-18,221.05999755859372,222.8500061035156,219.44000244140625,222.7700042724609,220.9791412353516,25340000
681,2019-09-19,222.00999450683597,223.75999450683597,220.3699951171875,220.9600067138672,219.18370056152344,22060600
682,2019-09-20,221.3800048828125,222.55999755859372,217.47000122070312,217.72999572753903,215.9796295166016,55413100
683,2019-09-23,218.9499969482422,219.83999633789062,217.6499938964844,218.72000122070312,216.9616851806641,19165500
684,2019-09-24,221.02999877929688,222.4900054931641,217.19000244140625,217.67999267578125,215.93003845214844,31190800
685,2019-09-25,218.5500030517578,221.5,217.13999938964844,221.02999877929688,219.25311279296875,21903400
686,2019-09-26,220.0,220.94000244140625,218.8300018310547,219.88999938964844,218.12228393554688,18833500
687,2019-09-27,220.5399932861328,220.9600067138672,217.27999877929688,218.82000732421875,217.06089782714844,25352000
688,2019-09-30,220.8999938964844,224.5800018310547,220.7899932861328,223.97000122070312,222.1694793701172,25977400
689,2019-10-01,225.07000732421875,228.22000122070312,224.1999969482422,224.58999633789062,222.7845001220703,34805800
690,2019-10-02,223.05999755859372,223.5800018310547,217.92999267578125,218.9600067138672,217.19976806640625,34612300
691,2019-10-03,218.42999267578125,220.9600067138672,215.1300048828125,220.82000732421875,219.0447998046875,28606500
692,2019-10-04,225.63999938964844,227.4900054931641,223.88999938964844,227.00999450683597,225.1850433349609,34619700
693,2019-10-07,226.2700042724609,229.92999267578125,225.83999633789062,227.05999755859372,225.2346343994141,30576500
694,2019-10-08,225.82000732421875,228.05999755859372,224.3300018310547,224.3999938964844,222.5960235595703,27955000
695,2019-10-09,227.02999877929688,227.7899932861328,225.63999938964844,227.02999877929688,225.20489501953125,18692600
696,2019-10-10,227.92999267578125,230.44000244140625,227.3000030517578,230.08999633789062,228.2402801513672,28253400
697,2019-10-11,232.9499969482422,237.63999938964844,232.30999755859372,236.2100067138672,234.3110809326172,41698900
698,2019-10-14,234.8999938964844,238.1300048828125,234.6699981689453,235.8699951171875,233.97381591796875,24106900
699,2019-10-15,236.38999938964844,237.6499938964844,234.8800048828125,235.32000732421875,233.4282531738281,21840000
700,2019-10-16,233.3699951171875,235.2400054931641,233.1999969482422,234.3699951171875,232.4858703613281,18475800
701,2019-10-17,235.08999633789062,236.1499938964844,233.5200042724609,235.27999877929688,233.38856506347656,16896300
702,2019-10-18,234.58999633789062,237.5800018310547,234.2899932861328,236.41000366210938,234.50949096679688,24358400
703,2019-10-21,237.5200042724609,240.9900054931641,237.32000732421875,240.50999450683597,238.57650756835938,21811800
704,2019-10-22,241.16000366210938,242.1999969482422,239.6199951171875,239.9600067138672,238.03094482421875,20573400
705,2019-10-23,242.1000061035156,243.2400054931641,241.22000122070312,243.17999267578125,241.2250518798828,18957200
706,2019-10-24,244.50999450683597,244.8000030517578,241.80999755859372,243.5800018310547,241.621826171875,17318800
707,2019-10-25,243.16000366210938,246.72999572753903,242.8800048828125,246.5800018310547,244.59771728515625,18369300
708,2019-10-28,247.4199981689453,249.25,246.72000122070312,249.0500030517578,247.04786682128903,24143200
709,2019-10-29,248.97000122070312,249.75,242.57000732421875,243.2899932861328,241.3341522216797,35709900
710,2019-10-30,244.75999450683597,245.3000030517578,241.2100067138672,243.25999450683597,241.3043975830078,31130500
711,2019-10-31,247.2400054931641,249.1699981689453,237.25999450683597,248.75999450683597,246.76019287109372,34790500
712,2019-11-01,249.5399932861328,255.92999267578125,249.16000366210938,255.82000732421875,253.7634429931641,37781300
713,2019-11-04,257.32998657226557,257.85000610351557,255.3800048828125,257.5,255.429931640625,25818000
714,2019-11-05,257.04998779296875,258.19000244140625,256.32000732421875,257.1300048828125,255.06292724609372,19974400
715,2019-11-06,256.76998901367193,257.489990234375,255.3699951171875,257.239990234375,255.1720123291016,18966100
716,2019-11-07,258.739990234375,260.35000610351557,258.1099853515625,259.42999267578125,258.11700439453125,23735100
717,2019-11-08,258.69000244140625,260.44000244140625,256.85000610351557,260.1400146484375,258.82345581054693,17496600
718,2019-11-11,258.29998779296875,262.47000122070307,258.27999877929693,262.20001220703125,260.87301635742193,20455300
719,2019-11-12,261.54998779296875,262.79000854492193,260.92001342773443,261.95999145507807,260.6342163085937,21847200
720,2019-11-13,261.1300048828125,264.77999877929693,261.07000732421875,264.47000122070307,263.13153076171875,25683600
721,2019-11-14,263.75,264.8800048828125,262.10000610351557,262.6400146484375,261.310791015625,22295700
722,2019-11-15,263.67999267578125,265.77999877929693,263.010009765625,265.760009765625,264.41500854492193,25051600
723,2019-11-18,265.79998779296875,267.42999267578125,264.23001098632807,267.10000610351557,265.74822998046875,21675800
724,2019-11-19,267.89999389648443,268.0,265.3900146484375,266.29000854492193,264.9423217773437,19041800
725,2019-11-20,265.54000854492193,266.07998657226557,260.39999389648443,263.19000244140625,261.8580322265625,26558600
726,2019-11-21,263.69000244140625,264.010009765625,261.17999267578125,262.010009765625,260.68399047851557,30348800
727,2019-11-22,262.58999633789057,263.17999267578125,260.83999633789057,261.77999877929693,260.45513916015625,16331300
728,2019-11-25,262.70999145507807,266.44000244140625,262.51998901367193,266.3699951171875,265.0219116210937,21005100
729,2019-11-26,266.94000244140625,267.16000366210943,262.5,264.29000854492193,262.95242309570307,26301900
730,2019-11-27,265.57998657226557,267.98001098632807,265.3099975585937,267.83999633789057,266.48446655273443,16308900
731,2019-11-29,266.60000610351557,268.0,265.89999389648443,267.25,265.8974609375,11654400
732,2019-12-02,267.26998901367193,268.25,263.45001220703125,264.16000366210943,262.82308959960943,23621800
733,2019-12-03,258.3099975585937,259.52999877929693,256.29000854492193,259.45001220703125,258.136962890625,28607600
734,2019-12-04,261.07000732421875,263.3099975585937,260.67999267578125,261.739990234375,260.41534423828125,16795400
735,2019-12-05,263.79000854492193,265.8900146484375,262.73001098632807,265.57998657226557,264.23590087890625,18606100
736,2019-12-06,267.48001098632807,271.0,267.29998779296875,270.70999145507807,269.33993530273443,26518900
737,2019-12-09,270.0,270.79998779296875,264.91000366210943,266.92001342773443,265.56912231445307,32010600
738,2019-12-10,268.60000610351557,270.07000732421875,265.8599853515625,268.48001098632807,267.12124633789057,22605100
739,2019-12-11,268.8099975585937,271.10000610351557,268.5,270.76998901367193,269.399658203125,19689200
740,2019-12-12,267.77999877929693,272.5599975585937,267.32000732421875,271.45999145507807,270.08615112304693,34327600
741,2019-12-13,271.45999145507807,275.29998779296875,270.92999267578125,275.14999389648443,273.75747680664057,33396900
742,2019-12-16,277.0,280.79000854492193,276.98001098632807,279.8599853515625,278.443603515625,32046500
743,2019-12-17,279.57000732421875,281.7699890136719,278.79998779296875,280.41000366210943,278.99087524414057,28539600
744,2019-12-18,279.79998779296875,281.8999938964844,279.1199951171875,279.739990234375,278.32424926757807,29007100
745,2019-12-19,279.5,281.17999267578125,278.95001220703125,280.01998901367193,278.60281372070307,24592300
746,2019-12-20,282.2300109863281,282.6499938964844,278.5599975585937,279.44000244140625,278.0257568359375,68994500
747,2019-12-23,280.52999877929693,284.25,280.3699951171875,284.0,282.56268310546875,24643000
748,2019-12-24,284.69000244140625,284.8900146484375,282.9200134277344,284.2699890136719,282.831298828125,12119700
749,2019-12-26,284.82000732421875,289.9800109863281,284.70001220703125,289.9100036621094,288.4427795410156,23280300
750,2019-12-27,291.1199951171875,293.9700012207031,288.1199951171875,289.79998779296875,288.33331298828125,36566500
751,2019-12-30,289.4599914550781,292.69000244140625,285.2200012207031,291.5199890136719,290.04461669921875,36028600
752,2019-12-31,289.92999267578125,293.67999267578125,289.5199890136719,293.6499938964844,292.163818359375,25201400
753,2020-01-02,296.239990234375,300.6000061035156,295.19000244140625,300.3500061035156,298.8299560546875,33870100
754,2020-01-03,297.1499938964844,300.5799865722656,296.5,297.42999267578125,295.9247131347656,36580700
755,2020-01-06,293.7900085449219,299.9599914550781,292.75,299.79998779296875,298.28271484375,29596800
756,2020-01-07,299.8399963378906,300.8999938964844,297.4800109863281,298.3900146484375,296.8798828125,27218000
757,2020-01-08,297.1600036621094,304.44000244140625,297.1600036621094,303.19000244140625,301.6555480957031,33019800
758,2020-01-09,307.239990234375,310.42999267578125,306.20001220703125,309.6300048828125,308.06298828125,42527100
759,2020-01-10,310.6000061035156,312.6700134277344,308.25,310.3299865722656,308.7593994140625,35161200
760,2020-01-13,311.6400146484375,317.07000732421875,311.1499938964844,316.9599914550781,315.3558654785156,30383000
761,2020-01-14,316.70001220703125,317.57000732421875,312.1700134277344,312.67999267578125,311.0975341796875,40488600
762,2020-01-15,311.8500061035156,315.5,309.54998779296875,311.3399963378906,309.7643127441406,30480900
763,2020-01-16,313.5899963378906,315.70001220703125,312.0899963378906,315.239990234375,313.6445617675781,27207300
764,2020-01-17,316.2699890136719,318.739990234375,315.0,318.7300109863281,317.116943359375,34454100
765,2020-01-21,317.19000244140625,319.0199890136719,316.0,316.57000732421875,314.9678649902344,27710800
766,2020-01-22,318.5799865722656,319.989990234375,317.30999755859375,317.70001220703125,316.0921630859375,25458100
767,2020-01-23,317.9200134277344,319.55999755859375,315.6499938964844,319.2300109863281,317.6144104003906,26118000
768,2020-01-24,320.25,323.3299865722656,317.5199890136719,318.30999755859375,316.69903564453125,36634400
769,2020-01-27,310.05999755859375,311.7699890136719,304.8800048828125,308.95001220703125,307.38641357421875,40485000
770,2020-01-28,312.6000061035156,318.3999938964844,312.19000244140625,317.69000244140625,316.0821838378906,40558500
771,2020-01-29,324.45001220703125,327.8500061035156,321.3800048828125,324.3399963378906,322.6985168457031,54057300
772,2020-01-30,320.5400085449219,324.0899963378906,318.75,323.8699951171875,322.23089599609375,31685800
773,2020-01-31,320.92999267578125,322.67999267578125,308.2900085449219,309.510009765625,307.943603515625,49897100
774,2020-02-03,304.29998779296875,313.489990234375,302.2200012207031,308.6600036621094,307.097900390625,43496400
775,2020-02-04,315.30999755859375,319.6400146484375,313.6300048828125,318.8500061035156,317.2362976074219,34154100
776,2020-02-05,323.5199890136719,324.760009765625,318.95001220703125,321.45001220703125,319.82318115234375,29706700
777,2020-02-06,322.57000732421875,325.2200012207031,320.260009765625,325.2099914550781,323.5641174316406,26356400
778,2020-02-07,322.3699951171875,323.3999938964844,318.0,320.0299987792969,319.166015625,29421000
779,2020-02-10,314.17999267578125,321.54998779296875,313.8500061035156,321.54998779296875,320.6819152832031,27337200
780,2020-02-11,323.6000061035156,323.8999938964844,318.7099914550781,319.6099853515625,318.74713134765625,23580800
781,2020-02-12,321.4700012207031,327.2200012207031,321.4700012207031,327.20001220703125,326.3166809082031,28432600
782,2020-02-13,324.19000244140625,326.2200012207031,323.3500061035156,324.8699951171875,323.9929504394531,23686900
783,2020-02-14,324.739990234375,325.9800109863281,322.8500061035156,324.95001220703125,324.07275390625,20028400
784,2020-02-18,315.3599853515625,319.75,314.6099853515625,319.0,318.1387939453125,38132800
785,2020-02-19,320.0,324.57000732421875,320.0,323.6199951171875,322.746337890625,23496000
786,2020-02-20,322.6300048828125,324.6499938964844,318.2099914550781,320.29998779296875,319.4352722167969,25141500
787,2020-02-21,318.6199951171875,320.45001220703125,310.5,313.04998779296875,312.2048645019531,32388500
788,2020-02-24,297.260009765625,304.17999267578125,289.2300109863281,298.17999267578125,297.375,55548800
789,2020-02-25,300.95001220703125,302.5299987792969,286.1300048828125,288.0799865722656,287.3022766113281,57668400
790,2020-02-26,286.5299987792969,297.8800048828125,286.5,292.6499938964844,291.85992431640625,49513700
791,2020-02-27,281.10000610351557,286.0,272.95999145507807,273.51998901367193,272.78158569335943,79834500
792,2020-02-28,257.260009765625,278.41000366210943,256.3699951171875,273.3599853515625,272.6220092773437,106721200
793,2020-03-02,282.2799987792969,301.44000244140625,277.72000122070307,298.80999755859375,298.0032958984375,85349300
794,2020-03-03,303.6700134277344,304.0,285.79998779296875,289.32000732421875,288.5389404296875,79868900
795,2020-03-04,296.44000244140625,303.3999938964844,293.1300048828125,302.739990234375,301.9226989746094,54794600
796,2020-03-05,295.5199890136719,299.54998779296875,291.4100036621094,292.9200134277344,292.12921142578125,46893200
797,2020-03-06,282.0,290.82000732421875,281.23001098632807,289.0299987792969,288.2497253417969,56544200
798,2020-03-09,263.75,278.08999633789057,263.0,266.17001342773443,265.45144653320307,71686200
799,2020-03-10,277.1400146484375,286.44000244140625,269.3699951171875,285.3399963378906,284.5696716308594,71322500
800,2020-03-11,277.3900146484375,281.22000122070307,271.8599853515625,275.42999267578125,274.68643188476557,63899700
801,2020-03-12,255.94000244140625,270.0,248.0,248.22999572753903,247.5598602294922,104618500
802,2020-03-13,264.8900146484375,279.92001342773443,252.9499969482422,277.97000122070307,277.21957397460943,92683000
803,2020-03-16,241.9499969482422,259.07998657226557,240.0,242.2100067138672,241.55612182617188,80605900
804,2020-03-17,247.50999450683597,257.6099853515625,238.3999938964844,252.8600006103516,252.1773681640625,81014000
805,2020-03-18,239.7700042724609,250.0,237.1199951171875,246.6699981689453,246.0040740966797,75058400
806,2020-03-19,247.38999938964844,252.83999633789062,242.6100006103516,244.77999877929688,244.1191711425781,67964300
807,2020-03-20,247.17999267578125,251.8300018310547,228.0,229.2400054931641,228.6211395263672,100423300
808,2020-03-23,228.0800018310547,228.5,212.6100006103516,224.3699951171875,223.76426696777344,84188200
809,2020-03-24,236.3600006103516,247.69000244140625,234.3000030517578,246.8800048828125,246.2135162353516,71882800
810,2020-03-25,250.75,258.25,244.3000030517578,245.5200042724609,244.857177734375,75900500
811,2020-03-26,246.5200042724609,258.67999267578125,246.3600006103516,258.44000244140625,257.7423095703125,63021800
812,2020-03-27,252.75,255.8699951171875,247.0500030517578,247.7400054931641,247.07118225097656,51054200
813,2020-03-30,250.7400054931641,255.5200042724609,249.3999938964844,254.80999755859372,254.1221008300781,41994100
814,2020-03-31,255.6000061035156,262.489990234375,252.0,254.2899932861328,253.6035003662109,49250500
815,2020-04-01,246.5,248.72000122070312,239.1300048828125,240.91000366210938,240.25962829589844,44054600
816,2020-04-02,240.33999633789062,245.1499938964844,236.8999938964844,244.92999267578125,244.26876831054688,41483500
817,2020-04-03,242.8000030517578,245.6999969482422,238.97000122070312,241.41000366210938,240.75827026367188,32470000
818,2020-04-06,250.8999938964844,263.1099853515625,249.3800048828125,262.47000122070307,261.76141357421875,50455100
819,2020-04-07,270.79998779296875,271.70001220703125,259.0,259.42999267578125,258.7296142578125,50721800
820,2020-04-08,262.739990234375,267.3699951171875,261.23001098632807,266.07000732421875,265.35171508789057,42223800
821,2020-04-09,268.70001220703125,270.07000732421875,264.70001220703125,267.989990234375,267.26651000976557,40529100
822,2020-04-13,268.3099975585937,273.70001220703125,265.82998657226557,273.25,272.5123291015625,32755700
823,2020-04-14,280.0,288.25,278.04998779296875,287.04998779296875,286.2750549316406,48748700
824,2020-04-15,282.3999938964844,286.3299865722656,280.6300048828125,284.42999267578125,283.6621398925781,32788600
825,2020-04-16,287.3800048828125,288.20001220703125,282.3500061035156,286.69000244140625,285.9160461425781,39281300
826,2020-04-17,284.69000244140625,286.95001220703125,276.8599853515625,282.79998779296875,282.0365295410156,53812500
827,2020-04-20,277.95001220703125,281.67999267578125,276.85000610351557,276.92999267578125,276.182373046875,32503800
828,2020-04-21,276.27999877929693,277.25,265.42999267578125,268.3699951171875,267.64547729492193,45247900
829,2020-04-22,273.6099853515625,277.89999389648443,272.20001220703125,276.10000610351557,275.3546142578125,29264300
830,2020-04-23,275.8699951171875,281.75,274.8699951171875,275.02999877929693,274.28750610351557,31203600
831,2020-04-24,277.20001220703125,283.010009765625,277.0,282.9700012207031,282.2060852050781,31627200
832,2020-04-27,281.79998779296875,284.5400085449219,279.95001220703125,283.1700134277344,282.4055480957031,29271900
833,2020-04-28,285.0799865722656,285.8299865722656,278.20001220703125,278.57998657226557,277.82791137695307,28001200
834,2020-04-29,284.7300109863281,289.6700134277344,283.8900146484375,287.7300109863281,286.9532470703125,34320200
835,2020-04-30,289.9599914550781,294.5299987792969,288.3500061035156,293.79998779296875,293.0068359375,45457600
836,2020-05-01,286.25,299.0,285.8500061035156,289.07000732421875,288.28961181640625,60154200
837,2020-05-04,289.1700134277344,293.69000244140625,286.32000732421875,293.1600036621094,292.3685607910156,33392000
838,2020-05-05,295.05999755859375,301.0,294.4599914550781,297.55999755859375,296.7566833496094,36937800
839,2020-05-06,300.4599914550781,303.239990234375,298.8699951171875,300.6300048828125,299.8183898925781,35583400
840,2020-05-07,303.2200012207031,305.1700134277344,301.9700012207031,303.739990234375,302.91998291015625,28803800
841,2020-05-08,305.6400146484375,310.3500061035156,304.2900085449219,310.1300048828125,310.1300048828125,33512000
842,2020-05-11,308.1000061035156,317.04998779296875,307.239990234375,315.010009765625,315.010009765625,36405900
843,2020-05-12,317.8299865722656,319.69000244140625,310.9100036621094,311.4100036621094,311.4100036621094,40575300
844,2020-05-13,312.1499938964844,315.95001220703125,303.2099914550781,307.6499938964844,307.6499938964844,50155600
845,2020-05-14,304.510009765625,309.7900085449219,301.5299987792969,309.5400085449219,309.5400085449219,39732300
846,2020-05-15,300.3500061035156,307.8999938964844,300.2099914550781,307.7099914550781,307.7099914550781,41587100
847,2020-05-18,313.1700134277344,316.5,310.32000732421875,314.9599914550781,314.9599914550781,33843100
848,2020-05-19,315.0299987792969,318.5199890136719,313.010009765625,313.1400146484375,313.1400146484375,25432400
849,2020-05-20,316.67999267578125,319.5199890136719,316.5199890136719,319.2300109863281,319.2300109863281,27876200
850,2020-05-21,318.6600036621094,320.8900146484375,315.8699951171875,316.8500061035156,316.8500061035156,25672200
851,2020-05-22,315.7699890136719,319.2300109863281,315.3500061035156,318.8900146484375,318.8900146484375,20450800
852,2020-05-26,323.5,324.239990234375,316.5,316.7300109863281,316.7300109863281,31380500
853,2020-05-27,316.1400146484375,318.7099914550781,313.0899963378906,318.1099853515625,318.1099853515625,28236300
854,2020-05-28,316.7699890136719,323.44000244140625,315.6300048828125,318.25,318.25,33390200
855,2020-05-29,319.25,321.1499938964844,316.4700012207031,317.94000244140625,317.94000244140625,38399500
856,2020-06-01,317.75,322.3500061035156,317.2099914550781,321.8500061035156,321.8500061035156,20197800
857,2020-06-02,320.75,323.44000244140625,318.92999267578125,323.3399963378906,323.3399963378906,21910700
858,2020-06-03,324.6600036621094,326.20001220703125,322.29998779296875,325.1199951171875,325.1199951171875,26122800
859,2020-06-04,324.3900146484375,325.6199951171875,320.7799987792969,322.32000732421875,322.32000732421875,21890100
860,2020-06-05,323.3500061035156,331.75,323.2300109863281,331.5,331.5,34312600
861,2020-06-08,330.25,333.6000061035156,327.32000732421875,333.4599914550781,333.4599914550781,23913600
862,2020-06-09,332.1400146484375,345.6099853515625,332.010009765625,343.989990234375,343.989990234375,36928100
863,2020-06-10,347.8999938964844,354.7699890136719,346.0899963378906,352.8399963378906,352.8399963378906,41662900
864,2020-06-11,349.30999755859375,351.05999755859375,335.4800109863281,335.8999938964844,335.8999938964844,50415600
865,2020-06-12,344.7200012207031,347.79998779296875,334.2200012207031,338.79998779296875,338.79998779296875,50001500
866,2020-06-15,333.25,345.67999267578125,332.5799865722656,342.989990234375,342.989990234375,34702200
867,2020-06-16,351.4599914550781,353.20001220703125,344.7200012207031,352.0799865722656,352.0799865722656,41357200
868,2020-06-17,355.1499938964844,355.3999938964844,351.0899963378906,351.5899963378906,351.5899963378906,28532000
869,2020-06-18,351.4100036621094,353.45001220703125,349.2200012207031,351.7300109863281,351.7300109863281,24205100
870,2020-06-19,354.6400146484375,356.55999755859375,345.1499938964844,349.7200012207031,349.7200012207031,66119000
871,2020-06-22,351.3399963378906,359.4599914550781,351.1499938964844,358.8699951171875,358.8699951171875,33861300
872,2020-06-23,364.0,372.3800048828125,362.2699890136719,366.5299987792969,366.5299987792969,53038900
873,2020-06-24,365.0,368.7900085449219,358.5199890136719,360.05999755859375,360.05999755859375,48155800
874,2020-06-25,360.70001220703125,365.0,357.57000732421875,364.8399963378906,364.8399963378906,34380600
875,2020-06-26,364.4100036621094,365.3200073242188,353.0199890136719,353.6300048828125,353.6300048828125,51314200
876,2020-06-29,353.25,362.1700134277344,351.2799987792969,361.7799987792969,361.7799987792969,32661500
877,2020-06-30,360.0799865722656,365.9800109863281,360.0,364.7999877929688,364.7999877929688,35055800
878,2020-07-01,365.1199951171875,367.3599853515625,363.9100036621094,364.1099853515625,364.1099853515625,27638400
879,2020-07-02,367.8500061035156,370.4700012207031,365.6700134277344,366.125,366.125,14044449
